flume,duration_DAP,runoffVolume_DAP,runoffPeak_DAP,runEventCode,dataType,runCalc_d,startTime,endTime,preName,missingRunDAPFlag,intervalNewHr
102,3.0,0.0273558,0.0,0,a,,1963-07-29 20:02:00,1963-07-29 20:05:00,a19630729-200200,,
102,9.0,0.033274,0.0,0,a,,1963-07-30 14:56:00,1963-07-30 15:05:00,a19630730-145600,,18.85
102,38.0,1.0668,9.156649199999999,0,a,,1963-07-31 23:24:00,1963-08-01 00:02:00,a19630731-232400,,32.31666666666667
102,51.0,5.10032,27.029867199999998,0,a,,1963-08-02 13:59:00,1963-08-02 14:50:00,a19630802-135900,,37.95
102,33.0,0.8407399999999999,7.503439399999999,0,a,,1963-08-10 15:35:00,1963-08-10 16:08:00,a19630810-153500,,192.75
102,36.0,0.629666,6.463207799999999,0,a,,1963-08-19 09:28:00,1963-08-19 10:04:00,a19630819-092800,,209.33333333333334
102,35.0,4.259326,12.066193799999999,0,a,,1963-08-22 12:45:00,1963-08-22 18:55:00,a19630822-124500,0.0,74.68333333333334
102,56.0,3.45694,35.2105214,0,a,,1963-08-25 18:59:00,1963-08-25 19:55:00,a19630825-185900,,72.06666666666666
102,28.0,0.12125959999999998,0.2730246,0,a,,1963-09-06 13:42:00,1963-09-06 14:10:00,a19630906-134200,,281.78333333333336
102,65.0,4.61518,12.710464799999999,0,a,,1963-09-07 22:02:00,1963-09-07 23:07:00,a19630907-220200,,31.866666666666667
102,39.0,3.34264,25.057125399999997,0,a,,1963-09-14 16:44:00,1963-09-14 17:23:00,a19630914-164400,,161.61666666666667
102,56.0,1.5765779999999998,8.5716364,0,a,,1963-09-20 18:03:00,1963-09-20 18:59:00,a19630920-180300,,144.66666666666666
102,29.0,1.393444,10.607649599999998,0,a,,1964-07-13 16:08:00,1964-07-13 16:37:00,a19640713-160800,,7125.15
102,0.0,0.9397999999999999,0.0,0,a,,1964-07-20 22:58:00,1964-07-20 22:58:00,a19640720-225800,,174.35
102,36.0,8.757919999999999,34.4505026,0,a,,1964-07-22 18:49:00,1964-07-22 23:48:00,a19640722-184900,0.0,43.85
102,28.0,2.082038,13.315416599999997,1,a,,1964-07-31 14:12:00,1964-07-31 14:40:00,a19640731-141200,,206.4
102,9.0,0.018590259999999997,0.0,0,a,,1964-08-05 18:20:00,1964-08-05 18:29:00,a19640805-182000,,123.66666666666667
102,27.0,1.7470119999999998,10.8371386,1,a,,1964-08-08 20:04:00,1964-08-08 20:31:00,a19640808-200400,,73.58333333333333
102,39.0,8.32866,47.4664278,1,a,,1964-08-16 15:53:00,1964-08-16 16:32:00,a19640816-155300,,187.36666666666667
102,24.0,0.49580799999999997,4.065397,1,a,,1964-08-27 01:59:00,1964-08-27 02:23:00,a19640827-015900,,249.45
102,56.0,9.78154,44.9468494,1,a,,1964-09-08 17:51:00,1964-09-08 18:47:00,a19640908-175100,,303.46666666666664
102,60.0,13.347699999999998,62.16101359999999,1,a,,1964-09-09 23:48:00,1964-09-10 00:48:00,a19640909-234800,,29.016666666666666
102,26.0,0.342392,2.2276561999999998,0,a,,1964-10-16 15:33:00,1964-10-16 15:59:00,a19641016-153300,,878.75
102,29.0,2.351024,14.2336012,0,a,,1964-11-16 11:14:00,1964-11-16 11:43:00,a19641116-111400,,739.25
102,32.0,0.39751,1.7781778,1,a,,1965-07-27 19:43:00,1965-07-27 20:15:00,a19650727-194300,,6080.0
102,64.0,15.748,76.61211499999999,0,a,,1965-08-13 15:59:00,1965-08-13 17:03:00,a19650813-155900,,403.73333333333335
102,31.0,0.27177999999999997,1.3760196,1,a,,1965-09-02 19:54:00,1965-09-02 20:25:00,a19650902-195400,,482.85
102,25.0,0.1057656,0.22090379999999998,0,a,,1965-09-04 16:09:00,1965-09-04 16:34:00,a19650904-160900,,43.733333333333334
102,10.0,0.051358799999999996,0.0,0,a,,1965-12-09 15:33:00,1965-12-09 15:43:00,a19651209-153300,,2302.983333333333
102,43.0,0.937514,2.9598874,0,a,,1965-12-09 21:48:00,1965-12-09 22:31:00,a19651209-214800,,6.083333333333333
102,35.0,0.20129499999999997,0.4393945999999999,0,a,,1965-12-11 00:51:00,1965-12-11 01:26:00,a19651211-005100,,26.333333333333332
102,14.0,0.06329679999999999,0.0,0,a,,1966-07-28 19:57:00,1966-07-28 20:11:00,a19660728-195700,,5514.516666666666
102,31.0,1.1856719999999998,8.748166399999999,0,a,,1966-07-29 18:50:00,1966-07-29 19:21:00,a19660729-185000,,22.65
102,11.0,0.02223008,0.0,1,a,,1966-08-06 00:37:00,1966-08-06 02:15:00,a19660806-003700,0.0,173.26666666666668
102,52.0,1.032256,9.940442399999998,0,a,,1966-08-14 18:24:00,1966-08-14 19:16:00,a19660814-182400,,208.15
102,4.0,0.00266446,0.0,0,a,,1966-08-16 11:42:00,1966-08-16 11:46:00,a19660816-114200,,40.43333333333333
102,29.0,0.705104,6.547484999999999,1,a,,1966-08-20 12:17:00,1966-08-20 12:46:00,a19660820-121700,,96.51666666666667
102,0.0,1.8033999999999997,0.0,0,a,,1966-08-31 15:50:00,1966-08-31 15:50:00,a19660831-155000,,267.06666666666666
102,24.0,0.307594,1.2554203999999998,0,a,,1966-09-15 03:19:00,1966-09-15 03:43:00,a19660915-031900,,347.48333333333335
102,59.0,0.13531088,0.0491744,0,a,,1967-07-09 18:36:00,1967-07-09 22:06:00,a19670709-183600,0.0,7142.883333333333
102,49.0,0.261366,0.7406386,0,a,,1967-07-15 14:46:00,1967-07-15 15:35:00,a19670715-144600,,136.66666666666666
102,17.0,0.6678168,1.9260565999999997,0,a,,1967-07-16 16:27:00,1967-07-16 17:36:00,a19670716-162700,0.0,24.866666666666667
102,23.0,0.414782,2.7309064,0,a,,1967-07-31 14:52:00,1967-07-31 15:15:00,a19670731-145200,,357.26666666666665
102,34.0,0.7579359999999999,3.5976051999999994,0,a,,1967-08-02 19:02:00,1967-08-02 19:36:00,a19670802-190200,,51.78333333333333
102,26.0,0.18686779999999997,1.2529058,0,a,,1967-08-09 20:20:00,1967-08-09 20:46:00,a19670809-202000,,168.73333333333332
102,10.0,0.059512199999999994,0.0,0,a,,1967-08-16 00:05:00,1967-08-16 00:15:00,a19670816-000500,,147.31666666666666
102,19.0,0.0706374,0.021132799999999997,0,a,,1967-08-21 13:09:00,1967-08-21 13:28:00,a19670821-130900,,132.9
102,43.0,0.974598,7.989747799999999,1,a,,1967-09-10 14:56:00,1967-09-10 15:39:00,a19670910-145600,,481.46666666666664
102,61.0,2.378456,6.2769242,0,a,,1967-09-11 15:39:00,1967-09-11 16:40:00,a19670911-153900,,24.0
102,29.0,2.259838,25.035255999999997,0,a,,1967-09-24 15:57:00,1967-09-24 16:26:00,a19670924-155700,,311.28333333333336
102,27.0,0.305054,2.045081,0,a,,1967-09-25 17:05:00,1967-09-25 17:32:00,a19670925-170500,,24.65
102,24.0,0.12740639999999998,0.37876479999999996,0,a,,1967-09-26 16:52:00,1967-09-26 17:16:00,a19670926-165200,,23.333333333333332
102,19.0,0.0694182,0.1838198,0,a,,1967-12-15 03:11:00,1967-12-15 03:30:00,a19671215-031100,,1905.9166666666667
102,46.0,0.6608826,1.6054069999999998,0,a,,1967-12-20 00:19:00,1967-12-20 02:10:00,a19671220-001900,0.0,116.81666666666666
102,43.0,0.43484799999999996,1.4945106,1,a,,1968-07-02 14:14:00,1968-07-02 14:57:00,a19680702-141400,,4692.066666666667
102,36.0,0.8229599999999999,6.5963038,0,a,,1968-07-05 10:34:00,1968-07-05 11:10:00,a19680705-103400,,67.61666666666666
102,44.0,0.737362,3.8101016,1,a,,1968-07-05 17:51:00,1968-07-05 18:35:00,a19680705-175100,,6.683333333333334
102,31.0,0.31521399999999994,1.9136614,0,a,,1968-07-18 18:11:00,1968-07-18 18:42:00,a19680718-181100,,311.6
102,33.0,0.36449,2.9235653999999998,0,a,,1968-07-20 19:58:00,1968-07-20 20:31:00,a19680720-195800,,49.266666666666666
102,37.0,0.357886,2.7348179999999997,0,a,,1968-07-24 15:33:00,1968-07-24 16:10:00,a19680724-153300,,91.03333333333333
102,4.0,0.00919734,0.0,0,a,,1968-08-09 20:52:00,1968-08-09 20:56:00,a19680809-205200,,388.7
102,38.0,0.15496539999999998,0.4324096,0,a,,1968-08-20 06:16:00,1968-08-20 06:54:00,a19680820-061600,,249.33333333333334
102,52.0,4.302759999999999,29.058996999999998,0,a,,1968-08-25 17:43:00,1968-08-25 18:35:00,a19680825-174300,,130.81666666666666
102,40.0,0.693166,3.3364678,0,a,,1968-08-29 20:25:00,1968-08-29 21:05:00,a19680829-202500,,97.83333333333333
102,77.0,7.06628,23.3609388,0,a,,1968-08-31 12:50:00,1968-08-31 14:07:00,a19680831-125000,,39.75
102,19.0,0.1986026,1.6047974,0,a,,1968-09-14 06:00:00,1968-09-14 06:19:00,a19680914-060000,,327.8833333333333
102,31.0,0.889254,9.550780999999999,1,a,,1969-07-10 19:54:00,1969-07-10 20:25:00,a19690710-195400,,7189.583333333333
102,13.0,0.0750824,0.0337566,0,a,,1969-07-22 13:42:00,1969-07-22 13:55:00,a19690722-134200,,281.28333333333336
102,31.0,0.6705599999999999,5.381752,0,a,,1969-07-28 02:30:00,1969-07-28 03:01:00,a19690728-023000,,132.58333333333334
102,14.0,0.1425956,0.4400804,1,a,,1969-08-06 21:09:00,1969-08-06 21:23:00,a19690806-210900,,234.13333333333333
102,14.0,0.19204939999999998,1.14173,0,a,,1969-08-13 19:28:00,1969-08-13 19:42:00,a19690813-192800,,166.08333333333334
102,7.0,0.0896366,0.0352298,1,a,,1969-09-13 13:35:00,1969-09-13 13:42:00,a19690913-133500,,737.8833333333333
102,32.0,0.36957,1.3566648,0,a,,1969-09-15 08:39:00,1969-09-15 09:11:00,a19690915-083900,,42.95
102,29.0,0.11605259999999999,0.22169119999999998,0,a,,1970-08-02 23:08:00,1970-08-02 23:37:00,a19700802-230800,,7717.95
102,38.0,2.53365,24.120856,0,a,,1970-08-10 18:16:00,1970-08-10 18:54:00,a19700810-181600,,186.65
102,33.0,0.696468,4.3128692,0,a,,1970-08-14 15:13:00,1970-08-14 15:46:00,a19700814-151300,,92.31666666666666
102,16.0,0.14071599999999998,0.9106154,0,a,,1970-08-26 16:01:00,1970-08-26 16:17:00,a19700826-160100,,288.25
102,9.0,0.068072,0.0136144,0,a,,1970-09-04 18:31:00,1970-09-04 18:40:00,a19700904-183100,,218.23333333333332
102,63.0,15.140939999999999,64.38732359999999,0,a,,1970-09-08 13:12:00,1970-09-08 14:15:00,a19700908-131200,,90.53333333333333
102,23.0,7.571231999999999,33.649031,0,a,,1971-07-23 18:41:00,1971-07-23 22:35:00,a19710723-184100,0.0,7636.433333333333
102,63.0,4.01828,16.465143599999998,1,a,,1971-07-24 18:32:00,1971-07-24 19:35:00,a19710724-183200,,19.95
102,18.0,0.334518,3.1651194,0,a,,1971-07-29 19:53:00,1971-07-29 20:11:00,a19710729-195300,,120.3
102,0.0,0.9143999999999999,0.0,0,a,,1971-08-03 16:15:00,1971-08-03 16:15:00,a19710803-161500,,116.06666666666666
102,41.0,7.9146399999999995,59.4348062,1,a,,1971-08-10 18:52:00,1971-08-10 19:33:00,a19710810-185200,,170.61666666666667
102,51.0,8.260079999999999,37.059412800000004,1,a,,1971-08-12 21:08:00,1971-08-12 21:59:00,a19710812-210800,,49.583333333333336
102,36.0,6.20268,25.018796799999997,0,a,,1971-08-18 21:05:00,1971-08-18 21:41:00,a19710818-210500,,143.1
102,19.0,0.587756,6.2561469999999995,0,a,,1971-08-27 21:31:00,1971-08-27 21:50:00,a19710827-213100,,215.83333333333334
102,57.0,2.2558502000000002,13.479398999999999,1,a,,1971-09-18 11:57:00,1971-09-18 17:25:00,a19710918-115700,0.0,518.1166666666667
102,12.0,0.14884399999999998,0.22044659999999996,0,a,,1971-09-29 18:36:00,1971-09-29 20:36:00,a19710929-183600,0.0,265.18333333333334
102,54.0,4.10464,24.731675199999998,1,a,,1972-06-06 20:31:00,1972-06-06 21:25:00,a19720606-203100,,6023.916666666667
102,6.0,9.905999999999999e-05,0.0,0,a,,1972-07-15 20:48:00,1972-07-15 20:54:00,a19720715-204800,,935.3833333333333
102,21.0,0.011112499999999999,0.1178814,1,a,,1972-07-24 17:29:00,1972-07-24 17:50:00,a19720724-172900,,212.58333333333334
102,30.0,0.00783336,0.034975799999999994,0,a,,1972-07-28 18:19:00,1972-07-28 18:49:00,a19720728-181900,,96.48333333333333
102,0.0,0.9652,0.0,0,a,,1972-08-08 17:00:00,1972-08-08 17:00:00,a19720808-170000,,262.18333333333334
102,50.0,0.41808399999999996,2.9628083999999997,1,a,,1972-08-12 15:55:00,1972-08-12 16:45:00,a19720812-155500,,94.91666666666667
102,22.0,0.0628777,0.502285,0,a,,1972-08-26 13:21:00,1972-08-26 15:00:00,a19720826-132100,0.0,332.6
102,39.0,1.2235179999999999,11.469928799999998,0,a,,1972-08-29 19:33:00,1972-08-29 20:12:00,a19720829-193300,,76.55
102,47.0,9.685019999999998,46.210474,0,a,,1972-09-06 13:21:00,1972-09-06 14:08:00,a19720906-132100,,185.15
102,33.0,2.7203399999999998,30.290211199999998,0,a,,1972-10-06 10:35:00,1972-10-06 11:08:00,a19721006-103500,,716.45
102,36.0,2.5339548,3.3603691999999996,0,a,,1972-10-19 13:18:00,1972-10-19 15:33:00,a19721019-131800,0.0,314.1666666666667
102,0.0,0.9905999999999999,0.0,0,a,,1973-06-12 17:20:00,1973-06-12 17:20:00,a19730612-172000,,5665.783333333334
102,30.0,0.0393954,0.228092,0,a,,1973-07-10 18:20:00,1973-07-10 18:50:00,a19730710-182000,,673.0
102,37.0,2.59842,17.098543399999997,1,a,,1973-07-14 12:00:00,1973-07-14 12:37:00,a19730714-120000,,89.16666666666667
102,26.0,0.40893999999999997,2.5767792,1,a,,1973-07-15 03:10:00,1973-07-15 03:36:00,a19730715-031000,,14.55
102,95.0,19.22018,81.9197752,1,a,,1973-07-27 13:17:00,1973-07-27 14:52:00,a19730727-131700,,297.68333333333334
102,30.0,0.32994599999999996,1.4950693999999998,0,a,,1973-08-21 18:43:00,1973-08-21 19:13:00,a19730821-184300,,603.85
102,11.0,0.00254,0.0150622,0,a,,1973-09-16 17:26:00,1973-09-16 17:37:00,a19730916-172600,,622.2166666666667
102,26.0,0.04064,0.30860999999999994,0,a,,1974-07-07 14:23:00,1974-07-07 14:49:00,a19740707-142300,,7052.766666666666
102,130.0,6.24332,29.311599999999995,0,a,,1974-07-19 23:17:00,1974-07-20 01:27:00,a19740719-231700,,296.46666666666664
102,41.0,4.85902,33.9344,0,a,,1974-07-28 20:15:00,1974-07-29 00:56:00,a19740728-201500,0.0,210.8
102,61.0,1.2649199999999998,8.77824,0,a,,1974-07-30 03:45:00,1974-07-30 04:46:00,a19740730-034500,,26.816666666666666
102,55.0,4.55676,21.27504,0,a,,1974-08-01 18:30:00,1974-08-01 19:25:00,a19740801-183000,,61.733333333333334
102,25.0,0.02794,0.40487599999999996,0,a,,1974-08-03 14:14:00,1974-08-03 14:39:00,a19740803-141400,,42.81666666666667
102,45.0,0.20573999999999998,1.31191,0,a,,1974-08-04 12:21:00,1974-08-04 13:06:00,a19740804-122100,,21.7
102,31.0,0.18288,1.5217139999999998,0,a,,1974-08-13 21:27:00,1974-08-13 21:58:00,a19740813-212700,,224.35
102,69.0,0.64516,3.1038799999999998,0,a,,1974-09-02 17:53:00,1974-09-02 19:02:00,a19740902-175300,,475.9166666666667
102,61.0,6.5278,42.9514,0,a,,1974-09-24 17:03:00,1974-09-24 18:04:00,a19740924-170300,,526.0166666666667
102,30.0,1.3512799999999998,14.653259999999998,1,a,,1974-10-12 12:01:00,1974-10-12 12:31:00,a19741012-120100,,425.95
102,35.0,0.79248,6.68274,1,a,,1974-10-12 19:01:00,1974-10-12 19:36:00,a19741012-190100,,6.5
102,46.0,2.4815799999999997,16.18234,1,a,,1974-10-22 12:16:00,1974-10-22 13:02:00,a19741022-121600,,232.66666666666666
102,47.0,0.44958,2.240534,1,a,,1974-10-29 07:50:00,1974-10-29 08:37:00,a19741029-075000,,162.8
102,24.0,2.01168,20.37334,0,a,,1975-07-05 17:11:00,1975-07-05 17:35:00,a19750705-171100,,5984.566666666667
102,19.0,0.3937,4.1274999999999995,0,a,,1975-07-08 18:39:00,1975-07-08 18:58:00,a19750708-183900,,73.06666666666666
102,40.0,10.82548,85.6488,0,a,,1975-07-12 16:15:00,1975-07-12 16:55:00,a19750712-161500,,93.28333333333333
102,70.0,41.29532,107.84840000000001,0,a,,1975-07-17 13:41:00,1975-07-17 14:51:00,a19750717-134100,,116.76666666666667
102,30.0,0.39877999999999997,3.429,0,a,,1975-07-23 22:11:00,1975-07-23 22:41:00,a19750723-221100,,151.33333333333334
102,20.0,0.2159,2.240534,1,a,,1975-08-22 18:02:00,1975-08-22 18:22:00,a19750822-180200,,715.35
102,34.0,0.45211999999999997,2.79908,0,a,,1975-09-03 23:48:00,1975-09-04 00:22:00,a19750903-234800,,293.43333333333334
102,62.0,2.4714199999999997,23.144479999999998,0,a,,1975-09-07 14:42:00,1975-09-07 15:44:00,a19750907-144200,,86.33333333333333
102,58.0,5.168899999999999,18.63344,0,a,,1975-09-13 16:05:00,1975-09-13 17:03:00,a19750913-160500,,144.35
102,24.0,0.09652,1.119632,0,a,,1976-08-12 16:29:00,1976-08-12 16:53:00,a19760812-162900,,8015.433333333333
102,70.0,7.0129399999999995,33.9344,0,a,,1976-09-06 15:22:00,1976-09-06 16:32:00,a19760906-152200,,598.4833333333333
102,32.0,1.53924,8.77824,0,a,,1976-09-10 17:31:00,1976-09-10 18:03:00,a19760910-173100,,96.98333333333333
102,0.0,1.016,0.0,0,a,,1976-10-24 03:50:00,1976-10-24 03:50:00,a19761024-035000,,1041.7833333333333
102,31.0,1.4300682599999999,8.498459,1,a,,1977-01-22 15:00:00,1977-01-22 15:31:00,a19770122-150000,,2171.1666666666665
102,77.0,2.02187556,11.187937999999999,1,a,,1977-06-22 12:51:00,1977-06-22 14:08:00,a19770622-125100,,3621.3333333333335
102,36.0,0.01532128,0.066421,0,a,,1977-07-04 04:50:00,1977-07-04 05:26:00,a19770704-045000,,278.7
102,24.0,1.9850709599999998,15.410002200000001,1,a,,1977-07-13 14:12:00,1977-07-13 14:36:00,a19770713-141200,,224.76666666666668
102,30.0,0.0604266,0.3151632,0,a,,1977-07-22 20:29:00,1977-07-22 20:59:00,a19770722-202900,,221.88333333333333
102,41.0,2.1788374,11.8415562,1,a,,1977-07-23 07:16:00,1977-07-23 12:11:00,a19770723-071600,0.0,10.283333333333333
102,55.0,1.9904405199999997,7.179182999999999,0,a,,1977-07-31 18:16:00,1977-07-31 19:11:00,a19770731-181600,,198.08333333333334
102,54.0,1.63708842,16.1847784,1,a,,1977-08-01 22:07:00,1977-08-01 23:01:00,a19770801-220700,,26.933333333333334
102,38.0,0.35880801999999995,2.2265639999999998,0,a,,1977-08-06 21:17:00,1977-08-06 21:55:00,a19770806-211700,,118.26666666666667
102,64.0,6.88064664,44.348552399999996,0,a,,1977-08-15 16:06:00,1977-08-15 17:10:00,a19770815-160600,,210.18333333333334
102,65.0,1.11873284,3.7738304,0,a,,1977-08-16 04:07:00,1977-08-16 05:12:00,a19770816-040700,,10.95
102,36.0,6.2995759200000006,20.376133999999997,0,a,,1977-09-01 20:15:00,1977-09-01 22:37:00,a19770901-201500,0.0,399.05
102,31.0,0.46525433999999993,4.5132752,0,a,,1977-09-05 17:16:00,1977-09-05 17:47:00,a19770905-171600,,90.65
102,18.0,24.18700268,64.71439939999999,1,a,,1977-09-26 14:47:00,1977-09-26 17:57:00,a19770926-144700,0.0,501.0
102,20.0,0.69477636,3.1067756,1,a,,1977-10-06 16:14:00,1977-10-06 18:47:00,a19771006-161400,0.0,238.28333333333333
102,45.0,0.29110431999999997,0.813689,0,a,,1977-10-09 08:58:00,1977-10-09 09:43:00,a19771009-085800,,62.18333333333333
102,35.0,1.1722658799999999,2.7951175999999998,0,a,,1978-01-17 06:58:00,1978-01-17 10:17:00,a19780117-065800,0.0,2397.25
102,58.0,2.8033141799999997,16.1847784,0,a,,1978-07-25 14:03:00,1978-07-25 15:01:00,a19780725-140300,,4539.766666666666
102,25.0,0.23412196,2.2265639999999998,0,a,,1978-07-27 00:46:00,1978-07-27 01:11:00,a19780727-004600,,33.75
102,31.0,1.24437902,13.210793999999998,0,a,,1978-07-30 18:37:00,1978-07-30 19:08:00,a19780730-183700,,89.43333333333334
102,37.0,1.39159488,9.0608658,0,a,,1978-08-01 14:58:00,1978-08-01 15:35:00,a19780801-145800,,43.833333333333336
102,22.0,0.18365215999999998,1.9691349999999999,0,a,,1978-08-18 18:15:00,1978-08-18 18:37:00,a19780818-181500,,410.6666666666667
102,44.0,0.1832864,1.1124184,0,a,,1978-09-21 18:28:00,1978-09-21 19:12:00,a19780921-182800,,815.85
102,59.0,0.32657287999999995,0.9400286,0,a,,1978-10-21 09:05:00,1978-10-21 10:04:00,a19781021-090500,,709.8833333333333
102,49.0,0.82363818,1.9691349999999999,0,a,,1978-10-23 06:08:00,1978-10-23 13:37:00,a19781023-060800,0.0,44.06666666666667
102,49.0,0.44556679999999993,1.4018768,0,a,,1978-11-24 19:09:00,1978-11-24 19:58:00,a19781124-190900,,773.5333333333333
102,33.0,0.33111186,2.361946,0,a,,1979-08-13 14:40:00,1979-08-13 15:13:00,a19790813-144000,,6282.7
102,40.0,1.6667327599999997,19.0627508,1,a,,1979-08-18 19:38:00,1979-08-18 20:18:00,a19790818-193800,,124.41666666666667
102,73.0,0.11520678,0.5202935999999999,0,a,,1979-09-16 01:35:00,1979-09-16 02:48:00,a19790916-013500,,677.2833333333333
102,13.0,0.0198628,0.2334768,0,a,,1980-07-10 16:10:00,1980-07-10 22:29:00,a19800710-161000,0.0,7165.366666666667
102,24.0,0.04697476,0.2187702,0,a,,1980-07-11 14:19:00,1980-07-11 14:43:00,a19800711-141900,,15.833333333333334
102,17.0,0.045740319999999994,0.3611626,0,a,,1980-07-12 21:51:00,1980-07-12 22:08:00,a19800712-215100,,31.133333333333333
102,17.0,0.08529319999999999,0.7986013999999999,1,a,,1980-07-25 13:46:00,1980-07-25 14:03:00,a19800725-134600,,303.6333333333333
102,21.0,0.0720598,0.5805678,1,a,,1980-07-29 13:19:00,1980-07-29 13:40:00,a19800729-131900,,95.26666666666667
102,34.0,2.2124162,18.8912754,0,a,,1980-07-30 16:08:00,1980-07-30 16:42:00,a19800730-160800,,26.466666666666665
102,10.0,0.0267335,0.33314639999999995,0,a,,1980-07-31 14:28:00,1980-07-31 14:38:00,a19800731-142800,,21.766666666666666
102,59.0,1.3294487,2.7349957999999996,0,a,,1980-08-24 15:41:00,1980-08-24 16:40:00,a19800824-154100,,577.05
102,15.0,0.06347206,0.7122413999999999,0,a,,1981-06-27 16:33:00,1981-06-27 16:48:00,a19810627-163300,,7367.883333333333
102,57.0,1.82808372,7.744485399999999,0,a,,1981-07-08 18:57:00,1981-07-08 19:54:00,a19810708-185700,,266.15
102,27.0,0.39225474,2.9486351999999996,0,a,,1981-07-12 20:06:00,1981-07-12 20:33:00,a19810712-200600,,96.2
102,52.0,2.27003102,9.942067999999999,0,a,,1981-07-19 16:39:00,1981-07-19 17:31:00,a19810719-163900,,164.1
102,23.0,0.2313559,2.0192238,0,a,,1981-07-21 19:44:00,1981-07-21 20:07:00,a19810721-194400,,50.21666666666667
102,19.0,0.11782043999999998,1.0241787999999998,0,a,,1981-07-25 03:05:00,1981-07-25 03:24:00,a19810725-030500,,78.96666666666667
102,112.0,1.6600423999999998,7.179182999999999,1,a,,1981-07-28 21:13:00,1981-07-28 23:05:00,a19810728-211300,,89.81666666666666
102,44.0,6.5880107,26.765986599999998,1,a,,1981-07-30 20:02:00,1981-07-30 23:51:00,a19810730-200200,0.0,44.95
102,19.0,0.30720284,2.8866845999999997,0,a,,1981-08-01 15:17:00,1981-08-01 15:36:00,a19810801-151700,,39.43333333333333
102,30.0,4.8327208399999995,45.7604622,0,a,,1981-08-10 15:20:00,1981-08-10 15:50:00,a19810810-152000,,215.73333333333332
102,24.0,0.08847836,0.8443214,0,a,,1981-08-12 09:04:00,1981-08-12 09:28:00,a19810812-090400,,41.233333333333334
102,6.0,0.0037058599999999996,0.09540239999999998,0,a,,1981-08-13 18:26:00,1981-08-13 18:32:00,a19810813-182600,,32.96666666666667
102,19.0,0.21177758,1.5717266,0,a,,1981-08-19 03:06:00,1981-08-19 03:25:00,a19810819-030600,,128.56666666666666
102,42.0,3.78792486,26.870355199999995,0,a,,1981-08-31 16:58:00,1981-08-31 17:40:00,a19810831-165800,,301.55
102,29.0,0.9875773999999999,5.3264562,0,a,,1981-09-03 16:57:00,1981-09-03 17:26:00,a19810903-165700,,71.28333333333333
102,41.0,0.83058254,6.030976,0,a,,1982-07-06 12:09:00,1982-07-06 12:50:00,a19820706-120900,,7338.716666666666
102,145.0,0.7794370999999999,2.3072597999999997,0,a,,1982-07-20 21:49:00,1982-07-21 00:14:00,a19820720-214900,,344.98333333333335
102,17.0,0.06398768,0.5439664,0,a,,1982-07-30 21:45:00,1982-07-30 22:02:00,a19820730-214500,,237.51666666666668
102,17.0,0.03186938,0.264541,0,a,,1982-07-31 15:56:00,1982-07-31 16:13:00,a19820731-155600,,17.9
102,21.0,0.11058143999999999,0.973201,0,a,,1982-08-03 18:01:00,1982-08-03 18:22:00,a19820803-180100,,73.8
102,14.0,0.023482299999999998,0.19766279999999997,0,a,,1982-08-11 15:33:00,1982-08-11 15:47:00,a19820811-153300,,189.18333333333334
102,23.0,0.6465722399999999,6.1684662,0,a,,1982-08-12 14:52:00,1982-08-12 15:15:00,a19820812-145200,,23.083333333333332
102,94.0,4.9877091,13.493267399999999,0,a,,1982-08-23 14:29:00,1982-08-23 16:03:00,a19820823-142900,,263.23333333333335
102,41.0,0.049149,0.2565654,0,a,,1982-08-29 22:41:00,1982-08-29 23:22:00,a19820829-224100,,150.63333333333333
102,67.0,3.0615128,10.4926384,0,a,,1982-09-10 15:35:00,1982-09-10 16:42:00,a19820910-153500,,280.21666666666664
102,62.0,9.61057514,48.2177344,0,a,,1982-09-11 13:04:00,1982-09-11 14:06:00,a19820911-130400,,20.366666666666667
102,37.0,0.7691196199999999,4.992242999999999,0,a,,1983-07-24 01:17:00,1983-07-24 01:54:00,a19830724-011700,,7571.183333333333
102,28.0,0.35429698,2.0192238,0,a,,1983-07-25 16:06:00,1983-07-25 16:34:00,a19830725-160600,,38.2
102,19.0,0.07583931999999999,0.6057138,0,a,,1983-07-28 05:13:00,1983-07-28 05:32:00,a19830728-051300,,60.65
102,24.0,1.7676850599999998,17.5502062,0,a,,1983-08-07 20:47:00,1983-08-07 21:11:00,a19830807-204700,,255.25
102,25.0,0.47678339999999997,4.0243252,0,a,,1983-08-09 14:32:00,1983-08-09 14:57:00,a19830809-143200,,41.35
102,8.0,0.0002413,0.0035051999999999995,0,a,,1983-08-17 04:34:00,1983-08-17 04:42:00,a19830817-043400,,181.61666666666667
102,16.0,0.0009702799999999999,0.005588,0,a,,1983-08-28 17:26:00,1983-08-28 17:42:00,a19830828-172600,,276.73333333333335
102,44.0,6.04025462,27.5011896,0,a,,1983-09-10 19:35:00,1983-09-10 20:19:00,a19830910-193500,,313.8833333333333
102,20.0,0.0084074,0.07020559999999999,0,a,,1983-09-15 14:31:00,1983-09-15 14:51:00,a19830915-143100,,114.2
102,40.0,3.39392006,22.0199966,0,a,,1983-09-20 14:16:00,1983-09-20 14:56:00,a19830920-141600,,119.41666666666667
102,112.0,0.0660146,0.7836915999999999,0,a,,1983-09-23 19:12:00,1983-09-23 21:04:00,a19830923-191200,,76.26666666666667
102,27.0,1.7812664399999998,22.113646399999997,0,a,,1983-09-27 15:30:00,1983-09-27 15:57:00,a19830927-153000,,90.43333333333334
102,32.0,0.8421217599999999,5.761100999999999,0,a,,1983-09-28 07:32:00,1983-09-28 08:04:00,a19830928-073200,,15.583333333333334
102,333.0,0.29299916,0.4747006,0,a,,1983-09-28 14:52:00,1983-09-28 20:25:00,a19830928-145200,,6.8
102,120.0,2.0298181399999997,4.951298199999999,0,a,,1983-09-30 04:59:00,1983-09-30 06:59:00,a19830930-045900,,32.56666666666667
102,26.0,0.4143629,1.1488673999999999,0,a,,1983-10-01 17:35:00,1983-10-01 20:54:00,a19831001-173500,0.0,34.6
102,122.0,2.6309675599999993,6.6391789999999995,0,a,,1983-10-02 06:37:00,1983-10-02 11:45:00,a19831002-063700,0.0,9.716666666666667
102,25.0,0.10752835999999999,0.813689,0,a,,1983-10-03 00:01:00,1983-10-03 00:26:00,a19831003-000100,,12.266666666666667
102,30.0,0.29935932,1.46431,0,a,,1984-07-03 23:20:00,1984-07-03 23:50:00,a19840703-232000,,6598.9
102,31.0,0.16948658,1.3012419999999998,0,a,,1984-07-14 16:04:00,1984-07-14 16:35:00,a19840714-160400,,256.23333333333335
102,30.0,0.57656476,4.246143399999999,0,a,,1984-07-20 15:34:00,1984-07-20 16:04:00,a19840720-153400,,142.98333333333332
102,32.0,0.40332406,2.3895557999999997,0,a,,1984-07-29 02:26:00,1984-07-29 02:58:00,a19840729-022600,,202.36666666666667
102,45.0,0.28048204,1.0590022,0,a,,1984-07-29 17:33:00,1984-07-29 18:18:00,a19840729-173300,,14.583333333333334
102,32.0,0.026377899999999996,0.09540239999999998,0,a,,1984-08-03 15:14:00,1984-08-03 15:46:00,a19840803-151400,,116.93333333333334
102,37.0,0.23860759999999998,1.2428474,0,a,,1984-08-10 14:41:00,1984-08-10 15:18:00,a19840810-144100,,166.91666666666666
102,45.0,1.7829910999999998,8.1166208,0,a,,1984-08-12 22:54:00,1984-08-12 23:39:00,a19840812-225400,,55.6
102,48.0,0.5699734599999999,1.4854428,0,a,,1984-08-13 22:30:00,1984-08-13 23:18:00,a19840813-223000,,22.85
102,98.0,14.151312819999998,59.43051359999999,0,a,,1984-08-15 17:17:00,1984-08-16 02:50:00,a19840815-171700,0.0,41.983333333333334
102,55.0,10.16585724,38.427558399999995,0,a,,1984-08-18 19:03:00,1984-08-18 19:58:00,a19840818-190300,,64.21666666666667
102,45.0,3.7930556599999994,21.005622199999998,0,a,,1984-08-25 19:06:00,1984-08-25 19:51:00,a19840825-190600,,167.13333333333333
102,53.0,0.7163917599999999,2.9486351999999996,0,a,,1984-08-30 14:13:00,1984-08-30 15:06:00,a19840830-141300,,114.36666666666666
102,69.0,22.857543819999997,80.7655992,0,a,,1984-09-01 14:18:00,1984-09-01 15:27:00,a19840901-141800,,47.2
102,32.0,0.6224981199999999,4.6305216,0,a,,1984-09-10 14:56:00,1984-09-10 15:28:00,a19840910-145600,,215.48333333333332
102,46.0,1.6454704199999999,7.849819199999999,0,a,,1984-09-10 22:27:00,1984-09-10 23:13:00,a19840910-222700,,6.983333333333333
102,321.0,1.7587061599999998,3.2993838,0,a,,1984-10-03 11:23:00,1984-10-03 16:44:00,a19841003-112300,,540.1666666666666
102,22.0,0.03996944,0.2187702,0,a,,1984-10-23 16:03:00,1984-10-23 16:25:00,a19841023-160300,,479.31666666666666
102,25.0,0.24408638,1.8953734,0,a,,1985-01-26 10:02:00,1985-01-26 10:27:00,a19850126-100200,,2273.616666666667
102,17.0,0.040386,0.6057138,0,a,,1985-07-06 14:59:00,1985-07-06 15:16:00,a19850706-145900,,3868.5333333333333
102,97.0,3.8936980799999996,12.2436382,0,a,,1985-07-14 17:43:00,1985-07-14 19:20:00,a19850714-174300,,194.45
102,23.0,0.014020799999999998,0.0741172,0,a,,1985-07-15 15:54:00,1985-07-15 16:17:00,a19850715-155400,,20.566666666666666
102,67.0,5.0225071,15.6402278,0,a,,1985-07-17 17:23:00,1985-07-17 18:30:00,a19850717-172300,,49.1
102,60.0,6.2121821399999995,28.140151999999997,0,a,,1985-07-30 18:24:00,1985-07-30 19:24:00,a19850730-182400,,311.9
102,30.0,2.8446374399999996,13.1403598,0,a,,1985-07-31 15:36:00,1985-07-31 20:51:00,a19850731-153600,0.0,20.2
102,16.0,0.00274066,0.023114,0,a,,1985-08-01 14:30:00,1985-08-01 14:46:00,a19850801-143000,,17.65
102,62.0,0.10124694,0.5439664,0,a,,1985-08-02 06:44:00,1985-08-02 07:46:00,a19850802-064400,,15.966666666666667
102,45.0,1.511427,10.679810999999999,0,a,,1985-08-02 16:36:00,1985-08-02 17:21:00,a19850802-163600,,8.833333333333334
102,14.0,0.0038125399999999997,0.0297942,0,a,,1985-08-06 19:56:00,1985-08-06 20:10:00,a19850806-195600,,98.58333333333333
102,33.0,1.0381487999999999,6.9801231999999995,0,a,,1985-09-02 16:31:00,1985-09-02 17:04:00,a19850902-163100,,644.35
102,33.0,0.12118085999999999,0.5439664,0,a,,1985-09-18 07:53:00,1985-09-18 08:26:00,a19850918-075300,,374.81666666666666
102,443.0,1.5723031799999998,1.8231611999999997,0,a,,1985-09-28 05:43:00,1985-09-28 13:06:00,a19850928-054300,,237.28333333333333
102,23.0,0.03048762,0.17777459999999998,0,a,,1985-10-08 01:33:00,1985-10-08 01:56:00,a19851008-013300,,228.45
102,607.0,1.93750438,3.3980882,0,a,,1985-10-16 06:14:00,1985-10-16 16:21:00,a19851016-061400,,196.3
102,126.0,5.80794622,33.9336888,0,a,,1985-11-26 02:01:00,1985-11-26 04:07:00,a19851126-020100,,969.6666666666666
102,18.0,0.02304034,0.2726182,0,a,,1986-06-24 23:13:00,1986-06-24 23:31:00,a19860624-231300,,5059.1
102,28.0,1.29468118,9.5841566,0,a,,1986-07-08 13:25:00,1986-07-08 13:53:00,a19860708-132500,,325.9
102,191.0,0.7496429,4.7095918,0,a,,1986-07-15 13:47:00,1986-07-15 16:58:00,a19860715-134700,,167.9
102,33.0,0.0058394599999999994,0.0132842,0,a,,1986-07-18 13:12:00,1986-07-18 13:45:00,a19860718-131200,,68.23333333333333
102,25.0,0.37906959999999995,3.0429708,0,a,,1986-08-01 14:03:00,1986-08-01 14:28:00,a19860801-140300,,336.3
102,53.0,13.787333359999998,51.9626342,0,a,,1986-08-10 15:57:00,1986-08-10 16:50:00,a19860810-155700,,217.48333333333332
102,48.0,2.77686516,8.4433156,0,a,,1986-08-14 02:03:00,1986-08-14 02:51:00,a19860814-020300,,81.21666666666667
102,24.0,0.07176769999999999,0.6577837999999999,0,a,,1986-08-17 18:12:00,1986-08-17 18:36:00,a19860817-181200,,87.35
102,40.0,4.09214066,17.7975006,0,a,,1986-08-29 14:11:00,1986-08-29 14:51:00,a19860829-141100,,283.5833333333333
102,33.0,1.16242592,9.2914216,0,a,,1986-09-09 14:53:00,1986-09-09 15:26:00,a19860909-145300,,264.03333333333336
102,28.0,0.3855339,2.7349957999999996,0,a,,1986-10-08 20:08:00,1986-10-08 20:36:00,a19861008-200800,,700.7
102,131.0,0.36916106,1.2047474,0,a,,1986-10-09 18:29:00,1986-10-09 20:40:00,a19861009-182900,,21.883333333333333
102,149.0,1.8644996999999999,9.702647599999999,0,a,,1987-07-29 12:45:00,1987-07-29 15:14:00,a19870729-124500,,7024.083333333333
102,9.0,0.00047751999999999994,0.0049022,0,a,,1987-08-03 01:37:00,1987-08-03 01:46:00,a19870803-013700,,106.38333333333334
102,12.0,0.01527302,0.1414272,0,a,,1987-08-04 04:01:00,1987-08-04 04:13:00,a19870804-040100,,26.25
102,23.0,0.07736332,0.5202935999999999,0,a,,1987-08-09 22:06:00,1987-08-09 22:29:00,a19870809-220600,,137.88333333333333
102,21.0,1.56963364,8.7210138,0,a,,1987-08-21 15:34:00,1987-08-21 19:30:00,a19870821-153400,0.0,281.0833333333333
102,32.0,1.3006832,9.466453,0,a,,1987-08-22 17:49:00,1987-08-22 18:21:00,a19870822-174900,,22.316666666666666
102,56.0,1.8776619799999998,5.3690774,0,a,,1987-08-24 15:04:00,1987-08-24 16:00:00,a19870824-150400,,44.71666666666667
102,13.0,0.0009702799999999999,0.005588,0,a,,1987-09-22 22:14:00,1987-09-22 22:27:00,a19870922-221400,,702.2333333333333
102,71.0,0.12347701999999999,0.8598662,0,a,,1988-04-13 22:10:00,1988-04-13 23:21:00,a19880413-221000,,4895.716666666666
102,49.0,0.00879856,0.013995399999999998,0,a,,1988-07-08 18:57:00,1988-07-08 19:46:00,a19880708-185700,,2059.6
102,19.0,0.00140716,0.006985,0,a,,1988-07-10 16:00:00,1988-07-10 16:19:00,a19880710-160000,,44.233333333333334
102,41.0,0.7270064199999999,5.284012799999999,0,a,,1988-07-24 19:40:00,1988-07-24 20:21:00,a19880724-194000,,339.35
102,24.0,0.041005759999999995,0.3240786,0,a,,1988-07-27 20:34:00,1988-07-27 20:58:00,a19880727-203400,,72.21666666666667
102,13.0,0.00446786,0.025222199999999997,0,a,,1988-08-03 19:20:00,1988-08-03 19:33:00,a19880803-192000,,166.36666666666667
102,14.0,0.078613,0.8289289999999999,0,a,,1989-07-10 14:51:00,1989-07-10 15:05:00,a19890710-145100,,8179.3
102,12.0,0.0015748,0.0125984,0,a,,1989-07-22 18:08:00,1989-07-22 18:20:00,a19890722-180800,,291.05
102,35.0,1.34306818,7.849819199999999,0,a,,1989-08-10 14:27:00,1989-08-10 15:02:00,a19890810-142700,,452.1166666666667
102,40.0,2.16770204,12.2436382,0,a,,1989-09-03 16:03:00,1989-09-03 16:43:00,a19890903-160300,,577.0166666666667
102,36.0,5.5734331,26.765986599999998,0,a,,1990-07-04 13:22:00,1990-07-04 13:58:00,a19900704-132200,,7292.65
102,56.0,11.42916688,25.939292799999997,0,a,,1990-07-05 16:55:00,1990-07-05 17:51:00,a19900705-165500,,26.95
102,28.0,2.89226752,20.287081599999997,0,a,,1990-07-11 21:44:00,1990-07-11 22:12:00,a19900711-214400,,147.88333333333333
102,10.0,0.74325734,4.951298199999999,0,a,,1990-07-14 14:53:00,1990-07-14 20:20:00,a19900714-145300,0.0,64.68333333333334
102,42.0,2.7331289,10.3072946,0,a,,1990-07-15 07:18:00,1990-07-15 08:00:00,a19900715-071800,,10.966666666666667
102,120.0,2.7084451799999996,21.187409999999996,0,a,,1990-07-19 10:45:00,1990-07-19 12:45:00,a19900719-104500,,98.75
102,101.0,1.0347121799999999,5.4980586,0,a,,1990-07-21 05:17:00,1990-07-21 06:58:00,a19900721-051700,,40.53333333333333
102,29.0,0.25653492,1.130554,0,a,,1990-08-01 15:32:00,1990-08-01 16:01:00,a19900801-153200,,272.56666666666666
102,36.0,4.42644276,24.427840399999997,0,a,,1990-08-03 20:46:00,1990-08-03 21:22:00,a19900803-204600,,52.75
102,46.0,19.646356439999998,58.937042399999996,0,a,,1990-08-12 02:00:00,1990-08-12 02:46:00,a19900812-020000,,196.63333333333333
102,20.0,0.34045652,2.4173434,0,a,,1990-08-13 13:33:00,1990-08-13 13:53:00,a19900813-133300,,34.78333333333333
102,18.0,0.5407964799999999,4.171492799999999,0,a,,1990-09-06 00:25:00,1990-09-06 00:43:00,a19900906-002500,,562.5333333333333
102,38.0,1.60220152,7.280198799999999,0,a,,1990-09-13 15:29:00,1990-09-13 16:07:00,a19900913-152900,,182.76666666666668
102,32.0,1.15136676,6.4486028,0,a,,1990-09-14 14:21:00,1990-09-14 14:53:00,a19900914-142100,,22.233333333333334
102,15.0,0.10294111999999998,0.9900412,1,a,,1991-07-19 17:04:00,1991-07-19 17:19:00,a19910719-170400,,7394.183333333333
102,18.0,0.12759436,0.7122413999999999,0,a,,1991-07-20 16:06:00,1991-07-20 16:24:00,a19910720-160600,,22.783333333333335
102,11.0,0.07030212,1.130554,0,a,,1991-07-26 14:48:00,1991-07-26 14:59:00,a19910726-144800,,142.4
102,44.0,16.46542046,81.9742328,0,a,,1991-08-02 12:43:00,1991-08-02 13:27:00,a19910802-124300,,165.73333333333332
102,19.0,0.7541666399999999,7.0296024,0,a,,1991-08-09 19:55:00,1991-08-09 20:14:00,a19910809-195500,,174.46666666666667
102,22.0,1.0734929,9.466453,0,a,,1991-08-14 17:32:00,1991-08-14 17:54:00,a19910814-173200,,117.3
102,39.0,8.391522460000001,36.76865899999999,0,a,,1991-08-27 14:14:00,1991-08-27 14:53:00,a19910827-141400,,308.3333333333333
102,23.0,0.93681296,6.7841368,0,a,,1991-09-09 13:54:00,1991-09-09 14:17:00,a19910909-135400,,311.01666666666665
102,12.0,0.04943602,0.5560314,0,a,,1992-05-21 20:27:00,1992-05-21 20:39:00,a19920521-202700,,6126.166666666667
102,23.0,0.44636181999999996,4.951298199999999,0,a,,1992-07-10 23:28:00,1992-07-10 23:51:00,a19920710-232800,,1202.8166666666666
102,22.0,0.64603122,7.179182999999999,0,a,,1992-07-11 12:11:00,1992-07-11 12:33:00,a19920711-121100,,12.333333333333334
102,44.0,7.152858439999999,32.153148800000004,0,a,,1992-07-29 14:19:00,1992-07-29 15:03:00,a19920729-141900,,433.76666666666665
102,33.0,3.7440260399999996,31.571564999999996,0,a,,1992-08-04 16:51:00,1992-08-04 17:24:00,a19920804-165100,,145.8
102,22.0,0.39824405999999996,2.5303226,0,a,,1992-08-11 20:37:00,1992-08-11 20:59:00,a19920811-203700,,171.21666666666667
102,50.0,8.252914659999998,27.926258599999997,0,a,,1992-08-12 20:15:00,1992-08-12 21:05:00,a19920812-201500,,23.266666666666666
102,28.0,1.4205965999999999,9.7622106,0,a,,1992-08-18 20:53:00,1992-08-18 21:21:00,a19920818-205300,,143.8
102,324.0,1.48031962,6.4486028,0,a,,1992-08-23 17:18:00,1992-08-23 22:42:00,a19920823-171800,,115.95
102,17.0,0.27485847999999996,2.5303226,0,a,,1992-08-24 14:42:00,1992-08-24 14:59:00,a19920824-144200,,16.0
102,20.0,0.17972532,1.6834103999999999,0,a,,1992-08-28 13:44:00,1992-08-28 14:04:00,a19920828-134400,,94.75
102,52.0,1.48822156,5.284012799999999,0,a,,1992-09-13 14:54:00,1992-09-13 15:46:00,a19920913-145400,,384.8333333333333
102,17.0,0.1470025,1.0241787999999998,0,a,,1993-01-07 02:02:00,1993-01-07 02:19:00,a19930107-020200,,2770.266666666667
102,169.0,0.16338803999999998,0.5202935999999999,0,a,,1993-01-10 20:00:00,1993-01-10 22:49:00,a19930110-200000,,89.68333333333334
102,16.0,0.03273044,0.2045716,0,a,,1993-01-13 13:03:00,1993-01-13 13:19:00,a19930113-130300,,62.233333333333334
102,19.0,0.03284982,0.17139919999999997,0,a,,1993-01-17 01:34:00,1993-01-17 01:53:00,a19930117-013400,,84.25
102,138.0,0.98729292,0.9900412,0,a,,1993-01-18 07:39:00,1993-01-18 09:57:00,a19930118-073900,,29.766666666666666
102,107.0,1.8135904799999998,2.7349957999999996,0,a,,1993-01-18 18:17:00,1993-01-18 20:04:00,a19930118-181700,,8.333333333333334
102,35.0,2.75613368,11.9747538,0,a,,1993-07-13 10:49:00,1993-07-13 11:24:00,a19930713-104900,,4214.75
102,25.0,1.3503402,10.430636999999999,0,a,,1993-08-07 16:02:00,1993-08-07 16:27:00,a19930807-160200,,604.6333333333333
102,108.0,0.78452218,5.6726582,0,a,,1993-08-14 12:52:00,1993-08-14 14:40:00,a19930814-125200,,164.41666666666666
102,26.0,0.60170822,4.9105566,0,a,,1993-08-28 08:12:00,1993-08-28 08:38:00,a19930828-081200,,329.53333333333336
102,27.0,1.0560938999999998,9.7622106,0,a,,1993-08-29 15:37:00,1993-08-29 16:04:00,a19930829-153700,,30.983333333333334
102,89.0,8.69540552,21.2786214,0,a,,1993-08-31 05:53:00,1993-08-31 07:22:00,a19930831-055300,,37.81666666666667
102,27.0,4.0539289,36.016819,0,a,,1993-09-11 16:37:00,1993-09-11 17:04:00,a19930911-163700,,273.25
102,8.0,0.01376172,0.1651508,0,a,,1993-09-12 19:56:00,1993-09-12 20:04:00,a19930912-195600,,26.866666666666667
102,9.0,0.04119118,0.5202935999999999,0,a,,1994-06-19 15:57:00,1994-06-19 16:06:00,a19940619-155700,,6715.883333333333
102,30.0,5.2966492999999994,25.1269246,0,a,,1994-06-20 15:22:00,1994-06-20 15:52:00,a19940620-152200,,23.266666666666666
102,16.0,0.21063711999999998,1.9691349999999999,0,a,,1994-07-28 14:00:00,1994-07-28 14:16:00,a19940728-140000,,910.1333333333333
102,35.0,8.68164126,51.2010914,0,a,,1994-08-25 19:00:00,1994-08-25 19:35:00,a19940825-190000,,676.7333333333333
102,164.0,1.7682082999999997,12.860705799999998,0,a,,1994-09-03 03:33:00,1994-09-03 06:17:00,a19940903-033300,,199.96666666666667
102,87.0,3.12872374,21.2786214,0,a,,1994-09-03 12:22:00,1994-09-03 13:49:00,a19940903-122200,,6.083333333333333
102,8.0,0.01100836,0.1651508,0,a,,1994-09-06 17:30:00,1994-09-06 17:38:00,a19940906-173000,,75.68333333333334
102,24.0,2.97128946,28.2474162,0,a,,1994-09-10 17:48:00,1994-09-10 18:12:00,a19940910-174800,,96.16666666666667
102,15.0,0.05751068,0.44203619999999993,0,a,,1995-08-13 14:03:00,1995-08-13 14:18:00,a19950813-140300,,8083.85
102,15.0,0.12940284,1.5282417999999998,0,a,,1995-08-15 14:22:00,1995-08-15 14:37:00,a19950815-142200,,48.06666666666667
102,18.0,0.18671539999999998,1.2047474,0,a,,1995-08-18 12:43:00,1995-08-18 18:41:00,a19950818-124300,0.0,70.1
102,34.0,0.3653282,1.7293082,0,a,,1995-08-23 14:43:00,1995-08-23 15:17:00,a19950823-144300,,116.03333333333333
102,22.0,1.56027882,13.923136999999999,0,a,,1995-09-07 17:36:00,1995-09-07 17:58:00,a19950907-173600,,362.31666666666666
102,22.0,0.45544485999999995,3.8090855999999995,0,a,,1995-11-06 07:51:00,1995-11-06 08:13:00,a19951106-075100,,1429.8833333333334
102,20.0,0.14895322,1.3814297999999998,0,a,,1996-07-08 23:02:00,1996-07-08 23:22:00,a19960708-230200,,5894.816666666667
102,12.0,0.032781239999999996,0.5805678,0,a,,1996-07-14 19:45:00,1996-07-14 19:57:00,a19960714-194500,,140.38333333333333
102,15.0,0.1683258,3.1067756,0,a,,1996-07-25 18:22:00,1996-07-25 18:37:00,a19960725-182200,,262.4166666666667
102,55.0,17.04123846,52.269009,0,a,,1996-08-18 15:44:00,1996-08-18 16:39:00,a19960818-154400,,573.1166666666667
102,51.0,3.2902982199999995,13.210793999999998,0,a,,1997-07-21 15:12:00,1997-07-21 16:03:00,a19970721-151200,,8086.55
102,22.0,0.25203657999999995,1.5067533999999998,0,a,,1997-08-01 19:57:00,1997-08-01 20:19:00,a19970801-195700,,267.9
102,159.0,6.74652956,12.3792996,0,a,,1997-09-14 18:31:00,1997-09-14 21:10:00,a19970914-183100,,1054.2
102,8.0,0.21979636,4.474565599999999,0,a,,1997-09-21 03:47:00,1997-09-21 03:55:00,a19970921-034700,,150.61666666666667
102,180.0,20.3563347,103.59595739999999,0,a,,1997-09-21 13:25:00,1997-09-21 16:25:00,a19970921-132500,,9.5
102,19.0,0.87545418,8.2790538,0,a,,1997-10-22 17:31:00,1997-10-22 17:50:00,a19971022-173100,,745.1
102,39.0,0.0113538,0.09701484279999999,0,a,,1998-07-18 15:02:00,1998-07-18 15:41:00,a19980718-150200,,6453.2
102,36.0,0.4509646048,3.0479999999999996,0,a,,1998-07-21 14:11:00,1998-07-21 14:47:00,a19980721-141100,,70.5
102,35.0,1.5192492601999998,10.16,0,a,,1998-07-28 17:35:00,1998-07-28 18:10:00,a19980728-173500,,170.8
102,34.0,1.1742701432,11.69330656,0,a,,1998-08-03 17:09:00,1998-08-03 17:43:00,a19980803-170900,,142.98333333333332
102,68.0,9.97211239,47.575723999999994,1,a,,1998-08-12 19:05:00,1998-08-12 20:13:00,a19980812-190500,,217.36666666666667
102,50.0,1.0221545215999999,6.07502722,0,a,,1998-09-16 15:13:00,1998-09-16 16:03:00,a19980916-151300,,835.0
102,15.0,8.3551025684,50.038,0,a,,1999-07-14 14:02:00,1999-07-14 22:02:00,a19990714-140200,0.0,7221.983333333334
102,88.0,0.6771625267999999,3.8099999999999996,0,a,,1999-07-15 05:58:00,1999-07-15 07:26:00,a19990715-055800,,7.933333333333334
102,28.0,0.7355212111999999,3.8099999999999996,0,a,,1999-07-22 15:31:00,1999-07-22 15:59:00,a19990722-153100,,176.08333333333334
102,38.0,2.8109890186,11.684,0,a,,1999-07-27 18:10:00,1999-07-27 22:00:00,a19990727-181000,0.0,122.18333333333334
102,38.0,6.8340572488,40.64,0,a,,1999-08-02 18:54:00,1999-08-02 19:32:00,a19990802-185400,,140.9
102,18.0,0.1682583884,2.54,0,a,,1999-08-16 17:26:00,1999-08-16 17:44:00,a19990816-172600,,333.9
102,58.0,7.884385221799999,30.987999999999996,0,a,,1999-08-28 18:14:00,1999-08-28 19:12:00,a19990828-181400,,288.5
102,26.0,0.9716703197999998,6.604,0,a,,1999-08-31 16:57:00,1999-08-31 17:23:00,a19990831-165700,,69.75
102,30.0,1.4578954839999998,17.018,0,a,,1999-09-02 16:15:00,1999-09-02 16:45:00,a19990902-161500,,46.86666666666667
102,36.0,0.5971485136,4.3180000000000005,0,a,,1999-09-03 16:10:00,1999-09-03 16:46:00,a19990903-161000,,23.416666666666668
102,54.0,6.858,51.308,0,a,,2000-06-29 12:11:00,2000-06-29 13:05:00,a20000629-121100,,7195.416666666667
102,35.0,13.208,70.612,0,a,,2000-07-30 16:13:00,2000-07-30 16:48:00,a20000730-161300,,747.1333333333333
102,34.0,11.43,63.75399999999999,0,a,,2000-08-10 15:44:00,2000-08-10 16:18:00,a20000810-154400,,262.93333333333334
102,46.0,0.7619999999999999,2.54,0,a,,2000-08-11 13:01:00,2000-08-11 13:47:00,a20000811-130100,,20.716666666666665
102,32.0,3.302,21.081999999999997,0,a,,2000-08-27 14:43:00,2000-08-27 15:15:00,a20000827-144300,,384.93333333333334
102,133.0,0.7619999999999999,9.143999999999998,0,a,,2000-08-28 19:28:00,2000-08-28 21:41:00,a20000828-192800,,28.216666666666665
102,32.0,4.3180000000000005,33.528,0,a,,2000-08-29 15:21:00,2000-08-29 15:53:00,a20000829-152100,,17.666666666666668
102,11.0,0.0609323394,0.508,0,a,,2000-10-10 15:00:00,2000-10-10 15:11:00,a20001010-150000,,1007.1166666666667
102,21.0,0.1311940226,0.7619999999999999,0,a,,2000-10-10 23:55:00,2000-10-11 00:16:00,a20001010-235500,,8.733333333333333
102,41.0,0.2371742526,0.508,0,a,,2000-10-11 16:37:00,2000-10-11 17:18:00,a20001011-163700,,16.35
102,15.0,0.0297491404,0.1266106688,0,a,,2000-10-12 03:02:00,2000-10-12 04:22:00,a20001012-030200,0.0,9.733333333333333
102,64.0,3.556,20.827999999999996,0,a,,2000-10-19 14:14:00,2000-10-19 15:18:00,a20001019-141400,,177.86666666666667
102,33.0,1.27,9.652,0,a,,2000-10-21 11:36:00,2000-10-21 12:09:00,a20001021-113600,,44.3
102,67.0,2.54,2.2859999999999996,0,a,,2000-10-22 18:52:00,2000-10-22 23:11:00,a20001022-185200,0.0,30.716666666666665
102,14.0,0.0411572964,0.254,0,a,,2000-10-28 02:42:00,2000-10-28 02:56:00,a20001028-024200,,123.51666666666667
102,95.0,1.778,5.08,0,a,,2000-11-06 19:25:00,2000-11-06 21:00:00,a20001106-192500,,232.48333333333332
102,24.0,0.508,4.826,0,a,,2001-07-07 14:04:00,2001-07-07 14:28:00,a20010707-140400,,5825.066666666667
102,22.0,2.2859999999999996,27.686,0,a,,2001-08-05 18:12:00,2001-08-05 18:34:00,a20010805-181200,,699.7333333333333
102,24.0,0.7619999999999999,6.35,0,a,,2001-08-11 17:56:00,2001-08-11 18:20:00,a20010811-175600,,143.36666666666667
102,27.0,0.063975361,0.508,0,a,,2001-08-13 19:27:00,2001-08-13 19:54:00,a20010813-192700,,49.11666666666667
102,15.0,0.0713067662,0.7619999999999999,0,a,,2001-08-17 19:35:00,2001-08-17 19:50:00,a20010817-193500,,95.68333333333334
102,56.0,0.035726243,0.0838451714,0,a,,2001-08-29 21:09:00,2001-08-29 22:05:00,a20010829-210900,,289.31666666666666
102,208.0,0.18123852499999998,1.27,0,a,,2001-09-12 20:22:00,2001-09-12 23:50:00,a20010912-202200,,334.28333333333336
102,8.0,0.014493900399999999,0.22035188339999998,0,a,,2002-07-18 01:57:00,2002-07-18 02:05:00,a20020718-015700,,7394.116666666667
102,32.0,0.7619999999999999,5.588,0,a,,2002-07-19 14:12:00,2002-07-19 14:44:00,a20020719-141200,,36.11666666666667
102,9.0,0.008180654199999998,0.09701484279999999,0,a,,2002-07-22 22:57:00,2002-07-22 23:06:00,a20020722-225700,,80.21666666666667
102,39.0,2.794,14.731999999999998,0,a,,2002-07-26 21:21:00,2002-07-26 22:00:00,a20020726-212100,,94.25
102,42.0,7.619999999999999,52.577999999999996,0,a,,2002-08-04 12:54:00,2002-08-04 13:36:00,a20020804-125400,,206.9
102,20.0,1.016,18.541999999999998,0,a,,2002-08-30 14:59:00,2002-08-30 15:19:00,a20020830-145900,,625.3833333333333
102,22.0,0.508,6.858,0,a,,2002-09-08 15:05:00,2002-09-08 15:27:00,a20020908-150500,,215.76666666666668
102,14.0,0.10304802860000001,0.7619999999999999,0,a,,2002-09-09 17:38:00,2002-09-09 17:52:00,a20020909-173800,,26.183333333333334
102,26.0,2.54,32.257999999999996,0,a,,2002-09-11 12:59:00,2002-09-11 13:25:00,a20020911-125900,,43.11666666666667
102,1.0,0.032384618999999996,3.8099999999999996,0,a,,2003-07-24 22:30:00,2003-07-24 22:31:00,a20030724-223000,,7593.083333333333
102,29.0,6.095999999999999,52.832,0,a,,2003-07-25 18:13:00,2003-07-25 18:42:00,a20030725-181300,,19.7
102,7.0,1.778,34.798,0,a,,2003-08-23 14:41:00,2003-08-23 14:48:00,a20030823-144100,,691.9833333333333
102,61.0,2.2859999999999996,10.668,0,a,,2003-08-27 17:10:00,2003-08-27 18:11:00,a20030827-171000,,98.36666666666666
102,133.0,,,9,d,0.0,1999-03-16 16:39:00,1999-03-16 18:52:00,d19990316-163900,1.0,-39001.53333333333
102,54.0,0.0,,9,d,0.0,1999-03-17 01:56:00,1999-03-17 10:01:00,d19990317-015600,2.0,7.066666666666666
102,37.0,,,9,d,0.0,1999-04-02 07:01:00,1999-04-02 07:38:00,d19990402-070100,1.0,381.0
102,88.0,,,9,d,0.0,1999-04-04 15:10:00,1999-04-04 16:38:00,d19990404-151000,1.0,55.53333333333333
102,14.0,,,2,d,0.0,1999-06-22 10:01:00,1999-06-22 10:15:00,d19990622-100100,1.0,1889.3833333333334
102,7.0,0.0,,9,d,0.0,1999-06-26 17:07:00,1999-06-26 20:31:00,d19990626-170700,2.0,102.86666666666666
102,7.0,,,9,d,0.0,1999-07-02 19:44:00,1999-07-02 19:51:00,d19990702-194400,1.0,143.21666666666667
102,24.0,,,9,d,0.0,1999-07-04 18:03:00,1999-07-04 18:27:00,d19990704-180300,1.0,46.2
102,26.0,0.0,,9,d,0.0,1999-07-05 13:32:00,1999-07-05 22:32:00,d19990705-133200,2.0,19.083333333333332
102,9.0,,,8,d,0.0,1999-07-06 12:08:00,1999-07-06 12:17:00,d19990706-120800,1.0,13.6
102,128.0,,,9,d,0.0,1999-07-06 19:12:00,1999-07-06 21:20:00,d19990706-191200,1.0,6.916666666666667
102,27.0,,,9,d,0.0,1999-07-07 17:47:00,1999-07-07 18:14:00,d19990707-174700,1.0,20.45
102,14.0,,,9,d,0.0,1999-07-13 17:22:00,1999-07-13 17:36:00,d19990713-172200,1.0,143.13333333333333
102,18.0,10.070942034665496,,1,d,1.0,1999-07-14 12:16:00,1999-07-14 22:05:00,d19990714-121600,1.0,18.666666666666668
102,678.0,,,5,d,0.0,1999-07-15 05:15:00,1999-07-15 16:33:00,d19990715-051500,1.0,7.166666666666667
102,11.0,,,9,d,0.0,1999-07-18 05:53:00,1999-07-18 06:04:00,d19990718-055300,1.0,61.333333333333336
102,15.0,,,8,d,0.0,1999-07-22 15:30:00,1999-07-22 15:45:00,d19990722-153000,1.0,105.43333333333334
102,16.0,0.7289515340700745,5.412501204013824,1,d,1.0,1999-07-27 18:05:00,1999-07-27 20:15:00,d19990727-180500,0.0,122.33333333333333
102,56.0,6.643248361349105,38.05666749477386,1,d,1.0,1999-08-02 18:41:00,1999-08-02 19:37:00,d19990802-184100,,142.43333333333334
102,20.0,,,9,d,0.0,1999-08-05 00:51:00,1999-08-05 01:11:00,d19990805-005100,1.0,53.233333333333334
102,20.0,,,2,d,0.0,1999-08-05 18:03:00,1999-08-05 18:23:00,d19990805-180300,1.0,16.866666666666667
102,6.0,,,9,d,0.0,1999-08-08 19:22:00,1999-08-08 19:28:00,d19990808-192200,1.0,72.98333333333333
102,11.0,,,9,d,0.0,1999-08-09 20:09:00,1999-08-09 20:20:00,d19990809-200900,1.0,24.683333333333334
102,4.0,,,9,d,0.0,1999-08-13 17:56:00,1999-08-13 18:00:00,d19990813-175600,1.0,93.6
102,24.0,0.20186096113175153,2.303383734822273,1,d,1.0,1999-08-16 17:11:00,1999-08-16 17:35:00,d19990816-171100,,71.18333333333334
102,8.0,,,9,d,0.0,1999-08-18 15:07:00,1999-08-18 15:15:00,d19990818-150700,1.0,45.53333333333333
102,66.0,7.838925439119339,29.54139268398285,1,d,1.0,1999-08-28 18:04:00,1999-08-28 19:10:00,d19990828-180400,,242.81666666666666
102,101.0,,,9,d,0.0,1999-08-29 23:48:00,1999-08-30 01:29:00,d19990829-234800,1.0,28.633333333333333
102,36.0,0.9359369590878486,6.075024732947349,9,d,0.0,1999-08-31 16:43:00,1999-08-31 18:49:00,d19990831-164300,1.0,39.233333333333334
102,42.0,1.741491289436817,16.878495252132414,1,d,1.0,1999-09-02 16:05:00,1999-09-02 16:47:00,d19990902-160500,,45.266666666666666
102,35.0,0.49243158027529715,3.6760201692581176,1,d,1.0,1999-09-03 16:10:00,1999-09-03 16:45:00,d19990903-161000,,23.383333333333333
102,2.0,,,9,d,0.0,1999-09-16 18:28:00,1999-09-16 18:30:00,d19990916-182800,1.0,313.71666666666664
102,7.0,,,9,d,0.0,1999-09-23 13:18:00,1999-09-23 13:25:00,d19990923-131800,1.0,162.8
102,48.0,,,2,d,0.0,2000-05-17 09:32:00,2000-05-17 10:20:00,d20000517-093200,1.0,5684.116666666667
102,3.25,,,2,d,0.0,2000-05-23 08:44:45,2000-05-23 08:48:00,d20000523-084445,1.0,142.4125
102,12.5,,,9,d,0.0,2000-06-17 14:51:15,2000-06-17 15:03:45,d20000617-145115,1.0,606.0541666666667
102,69.75,,,9,d,0.0,2000-06-23 12:37:15,2000-06-23 13:47:00,d20000623-123715,1.0,141.55833333333334
102,287.0,,,9,d,0.0,2000-06-27 19:36:30,2000-06-28 00:23:30,d20000627-193630,1.0,101.825
102,52.75,,,9,d,0.0,2000-06-29 01:39:45,2000-06-29 02:32:30,d20000629-013945,1.0,25.270833333333332
102,53.0,6.388869357109069,50.093269276618955,1,d,1.0,2000-06-29 12:11:00,2000-06-29 13:04:00,d20000629-121100,,9.641666666666667
102,1.0,,,2,d,0.0,2000-07-19 10:14:00,2000-07-19 10:15:00,d20000719-101400,1.0,477.1666666666667
102,3.0,,,9,d,0.0,2000-07-26 18:10:15,2000-07-26 18:13:15,d20000726-181015,1.0,175.92083333333332
102,38.0,12.522558069229126,65.01140241622925,1,d,1.0,2000-07-30 16:11:30,2000-07-30 16:49:30,d20000730-161130,,93.97083333333333
102,16.5,,,9,d,0.0,2000-08-03 14:54:15,2000-08-03 15:10:45,d20000803-145415,1.0,94.07916666666667
102,1.0,,,9,d,0.0,2000-08-03 23:54:00,2000-08-03 23:55:00,d20000803-235400,1.0,8.720833333333333
102,40.5,11.489179557561874,57.34964261054992,1,d,1.0,2000-08-10 15:40:15,2000-08-10 16:20:45,d20000810-154015,,159.75416666666666
102,2.25,0.9629129461944103,,1,d,1.0,2000-08-11 09:20:30,2000-08-11 13:46:30,d20000811-092030,1.0,16.995833333333334
102,8.0,,,9,d,0.0,2000-08-20 17:38:15,2000-08-20 17:46:15,d20000820-173815,1.0,219.8625
102,29.75,3.4555303573608396,20.798642659187315,1,d,1.0,2000-08-27 14:41:30,2000-08-27 15:11:15,d20000827-144130,,164.92083333333332
102,19.75,0.7321644131094217,8.913693290948867,9,d,0.0,2000-08-28 19:26:00,2000-08-28 21:38:00,d20000828-192600,1.0,28.245833333333334
102,40.0,4.581646743416786,34.30793192386627,1,d,1.0,2000-08-29 15:13:00,2000-08-29 15:53:00,d20000829-151300,,17.583333333333332
102,103.5,,,9,d,0.0,2000-08-30 12:53:15,2000-08-30 14:36:45,d20000830-125315,1.0,21.004166666666666
102,10.5,,,9,d,0.0,2000-09-26 18:21:15,2000-09-26 18:31:45,d20000926-182115,1.0,651.7416666666667
102,11.0,,,9,d,0.0,2000-10-10 14:47:45,2000-10-10 14:58:45,d20001010-144745,1.0,332.26666666666665
102,43.5,0.1461324281990528,1.004683330655098,1,d,1.0,2000-10-10 23:22:15,2000-10-11 00:05:45,d20001010-232215,,8.391666666666667
102,79.0,,,9,d,0.0,2000-10-11 08:48:45,2000-10-11 10:07:45,d20001011-084845,1.0,8.716666666666667
102,43.5,,,9,d,0.0,2000-10-11 16:19:45,2000-10-11 17:03:15,d20001011-161945,1.0,6.2
102,102.0,0.9033507168292999,4.213580471277237,1,d,1.0,2000-10-12 02:32:45,2000-10-12 04:14:45,d20001012-023245,,9.491666666666667
102,66.75,3.5273207306861876,20.798642659187315,1,d,1.0,2000-10-19 14:00:00,2000-10-19 15:06:45,d20001019-140000,,177.75416666666666
102,126.5,,,9,d,0.0,2000-10-20 22:22:45,2000-10-21 00:29:15,d20001020-222245,1.0,31.266666666666666
102,34.5,1.4410539932548998,9.691217446327208,1,d,1.0,2000-10-21 11:33:45,2000-10-21 12:08:15,d20001021-113345,,11.075
102,68.5,2.858362170681357,2.303383734822273,1,d,1.0,2000-10-22 18:46:30,2000-10-22 23:10:45,d20001022-184630,0.0,30.6375
102,5.0,,,9,d,0.0,2000-10-27 17:21:45,2000-10-27 17:26:45,d20001027-172145,1.0,114.18333333333334
102,12.5,,,9,d,0.0,2000-10-28 02:39:30,2000-10-28 02:52:00,d20001028-023930,1.0,9.2125
102,2.75,,,9,d,0.0,2000-11-04 16:06:00,2000-11-04 16:08:45,d20001104-160600,1.0,181.23333333333332
102,10.75,,,9,d,0.0,2000-11-05 00:15:45,2000-11-05 00:26:30,d20001105-001545,1.0,8.116666666666667
102,52.75,1.3276544719934462,4.792210289835929,1,d,1.0,2000-11-06 19:19:00,2000-11-06 20:11:45,d20001106-191900,,42.875
102,16.25,0.06123863621614873,0.5692510854452848,1,d,1.0,2001-01-06 15:43:45,2001-01-06 16:00:00,d20010106-154345,,1459.5333333333333
102,65.0,0.6463464148342609,3.6760201692581176,1,d,1.0,2001-01-09 11:12:45,2001-01-09 12:17:45,d20010109-111245,,67.2125
102,4.75,,,2,d,0.0,2001-05-29 14:41:45,2001-05-29 14:46:30,d20010529-144145,1.0,3362.4
102,7.5,,,9,d,0.0,2001-06-22 16:18:30,2001-06-22 16:26:00,d20010622-161830,1.0,577.5333333333333
102,3.5,,,9,d,0.0,2001-06-23 16:35:15,2001-06-23 16:38:45,d20010623-163515,1.0,24.154166666666665
102,6.5,,,9,d,0.0,2001-07-05 13:41:15,2001-07-05 13:47:45,d20010705-134115,1.0,285.0416666666667
102,19.25,,,9,d,0.0,2001-07-05 22:05:00,2001-07-05 22:24:15,d20010705-220500,1.0,8.2875
102,34.75,0.9010706014931201,5.412501204013824,1,d,1.0,2001-07-07 13:59:15,2001-07-07 14:34:00,d20010707-135915,,39.583333333333336
102,27.5,2.4991547763347626,29.54139268398285,1,d,1.0,2001-08-05 18:08:30,2001-08-05 18:36:00,d20010805-180830,,699.575
102,33.75,0.9127916641533375,6.780329686403274,1,d,1.0,2001-08-11 17:47:30,2001-08-11 18:21:15,d20010811-174730,,143.19166666666666
102,101.25,,,9,d,0.0,2001-08-13 18:05:30,2001-08-13 19:46:45,d20010813-180530,1.0,47.7375
102,19.25,,,9,d,0.0,2001-08-17 19:30:15,2001-08-17 19:49:30,d20010817-193015,1.0,95.725
102,55.75,,,9,d,0.0,2001-08-29 21:01:15,2001-08-29 21:57:00,d20010829-210115,1.0,289.1958333333333
102,19.75,0.1598945191130042,1.5813770808279513,9,d,0.0,2001-09-12 20:21:30,2001-09-12 22:44:30,d20010912-202130,1.0,334.40833333333336
102,29.5,,,9,d,0.0,2001-09-14 05:17:30,2001-09-14 05:47:00,d20010914-051730,1.0,30.55
102,11.5,,,2,d,0.0,2002-05-08 10:59:15,2002-05-08 11:10:45,d20020508-105915,1.0,5669.204166666666
102,36.5,,,9,d,0.0,2002-07-18 01:27:45,2002-07-18 02:04:15,d20020718-012745,1.0,1694.2833333333333
102,53.75,0.9258521065115928,6.780329686403274,1,d,1.0,2002-07-19 13:59:15,2002-07-19 14:53:00,d20020719-135915,,35.916666666666664
102,9.25,,,9,d,0.0,2002-07-22 22:58:00,2002-07-22 23:07:15,d20020722-225800,1.0,80.08333333333333
102,46.75,3.2929448962211607,15.956544804573058,1,d,1.0,2002-07-26 21:21:00,2002-07-26 22:07:45,d20020726-212100,,94.22916666666667
102,41.5,7.715430372953414,50.093269276618955,1,d,1.0,2002-08-04 12:54:15,2002-08-04 13:35:45,d20020804-125415,,206.775
102,5.25,,,9,d,0.0,2002-08-05 14:22:00,2002-08-05 14:27:15,d20020805-142200,1.0,24.770833333333332
102,0.5,,,9,d,0.0,2002-08-10 19:52:15,2002-08-10 19:52:45,d20020810-195215,1.0,125.41666666666667
102,20.5,1.3926055401563644,18.792334949970243,1,d,1.0,2002-08-30 14:59:00,2002-08-30 15:19:30,d20020830-145900,,475.1041666666667
102,20.25,,,9,d,0.0,2002-09-07 20:32:00,2002-09-07 20:52:15,d20020907-203200,1.0,197.20833333333334
102,24.5,0.8477288469672203,7.4583217024803155,1,d,1.0,2002-09-08 15:03:00,2002-09-08 15:27:30,d20020908-150300,,18.179166666666667
102,24.5,0.1359608423896134,1.2748694755136967,1,d,1.0,2002-09-09 17:27:45,2002-09-09 17:52:15,d20020909-172745,,26.004166666666666
102,31.0,3.112089368700981,33.08756370544433,1,d,1.0,2002-09-11 12:55:45,2002-09-11 13:26:45,d20020911-125545,,43.05833333333333
102,1.0,,,2,d,0.0,2002-09-22 11:56:45,2002-09-22 11:57:45,d20020922-115645,1.0,262.5
102,100.0,,,9,d,0.0,2002-09-29 13:34:30,2002-09-29 15:14:30,d20020929-133430,1.0,169.6125
102,90.5,,,9,d,0.0,2002-10-07 07:37:15,2002-10-07 09:07:45,d20021007-073715,1.0,184.37916666666666
102,1.5,,,2,d,0.0,2003-07-11 09:07:45,2003-07-11 09:09:15,d20030711-090745,1.0,6648.0
102,8.5,,,9,d,0.0,2003-07-20 21:29:45,2003-07-20 21:38:15,d20030720-212945,1.0,228.34166666666667
102,32.25,0.5751789405941963,3.6760201692581176,1,d,1.0,2003-07-24 22:27:45,2003-07-24 23:00:00,d20030724-222745,,96.825
102,26.25,6.056060895323753,50.093269276618955,1,d,1.0,2003-07-25 18:15:30,2003-07-25 18:41:45,d20030725-181530,,19.258333333333333
102,1.5,,,9,d,0.0,2003-08-08 00:12:30,2003-08-08 00:14:00,d20030808-001230,1.0,317.5125
102,1.5,,,9,d,0.0,2003-08-13 20:02:45,2003-08-13 20:04:15,d20030813-200245,1.0,139.8125
102,29.25,5.076108825206756,35.54727609157562,1,d,1.0,2003-08-23 14:41:30,2003-08-23 15:10:45,d20030823-144130,,234.62083333333334
102,7.0,,,9,d,0.0,2003-08-25 12:55:15,2003-08-25 13:02:15,d20030825-125515,1.0,45.74166666666667
102,63.5,2.7251762121915815,11.346264195442199,1,d,1.0,2003-08-27 17:15:15,2003-08-27 18:18:45,d20030827-171515,,52.21666666666667
102,4.5,,,9,d,0.0,2003-09-09 14:17:15,2003-09-09 14:21:45,d20030909-141715,1.0,307.975
102,51.75,0.3357034096494317,1.2748694755136967,1,d,1.0,2003-09-24 16:32:45,2003-09-24 17:24:30,d20030924-163245,,362.18333333333334
102,18.0,,,9,d,0.0,2003-11-13 01:38:15,2003-11-13 01:56:15,d20031113-013815,1.0,1184.2291666666667
102,1.75,,,2,d,0.0,2004-05-18 11:02:30,2004-05-18 11:04:15,d20040518-110230,1.0,4497.104166666667
102,4.25,,,6,d,0.0,2004-08-24 17:31:15,2004-08-24 17:35:30,d20040824-173115,1.0,2358.45
102,13.25,,,6,d,0.0,2004-10-21 16:35:15,2004-10-21 16:48:30,d20041021-163515,1.0,1390.9958333333334
102,6.75,,,6,d,0.0,2004-10-28 22:35:15,2004-10-28 22:42:00,d20041028-223515,1.0,173.77916666666667
102,1.75,,,6,d,0.0,2005-01-26 04:48:00,2005-01-26 04:49:45,d20050126-044800,1.0,2142.1
102,3.0,,,2,d,0.0,2005-06-02 16:13:30,2005-06-02 16:16:30,d20050602-161330,1.0,3059.3958333333335
102,30.25,,,9,d,0.0,2005-07-24 17:57:30,2005-07-24 18:27:45,d20050724-175730,1.0,1249.6833333333334
102,42.25,0.9981410451233387,4.792210289835929,1,d,1.0,2005-07-27 19:09:15,2005-07-27 19:51:30,d20050727-190915,,72.69166666666666
102,4.0,,,2,d,0.0,2005-08-04 17:04:45,2005-08-04 17:08:45,d20050804-170445,1.0,189.22083333333333
102,27.25,1.410559283941984,9.691217446327208,1,d,1.0,2005-08-07 13:57:00,2005-08-07 14:24:15,d20050807-135700,,68.80416666666666
102,3.75,,,9,d,0.0,2005-08-09 03:16:30,2005-08-09 03:20:15,d20050809-031630,1.0,36.87083333333333
102,54.0,1.2250976338982582,7.4583217024803155,1,d,1.0,2005-08-12 19:45:30,2005-08-12 20:39:30,d20050812-194530,,88.42083333333333
102,31.5,0.4436424866318702,2.303383734822273,1,d,1.0,2005-08-14 07:39:30,2005-08-14 08:11:00,d20050814-073930,,35.0
102,8.5,,,9,d,0.0,2005-08-16 18:22:15,2005-08-16 18:30:45,d20050816-182215,1.0,58.1875
102,55.75,13.319756865501404,57.34964261054992,1,d,1.0,2005-09-08 12:18:00,2005-09-08 13:13:45,d20050908-121800,,545.7875
102,21.25,8.762679767608642,30.70420627593994,2,d,1.0,2006-06-06 15:03:30,2006-06-06 15:24:45,d20060606-150330,,6505.829166666666
102,20.5,5.262882414460182,35.54727609157562,2,d,1.0,2006-06-07 08:46:15,2006-06-07 09:06:45,d20060607-084615,,17.358333333333334
102,15.75,,,6,d,0.0,2006-06-08 09:53:00,2006-06-08 10:08:45,d20060608-095300,1.0,24.770833333333332
102,6.75,,,9,d,0.0,2006-06-26 14:01:15,2006-06-26 14:08:00,d20060626-140115,1.0,435.875
102,1.25,,,9,d,0.0,2006-07-05 16:17:00,2006-07-05 16:18:15,d20060705-161700,1.0,218.15
102,11.75,,,9,d,0.0,2006-07-20 04:31:15,2006-07-20 04:43:00,d20060720-043115,1.0,348.21666666666664
102,109.5,,,9,d,0.0,2006-07-27 04:21:45,2006-07-27 06:11:15,d20060727-042145,1.0,167.64583333333334
102,46.25,0.5472551684826612,4.213580471277237,1,d,1.0,2006-07-28 23:56:30,2006-07-29 00:42:45,d20060728-235630,,41.75416666666667
102,20.25,0.17240043887868522,1.004683330655098,1,d,1.0,2006-07-29 08:00:00,2006-07-29 08:20:15,d20060729-080000,,7.2875
102,10.25,,,9,d,0.0,2006-07-31 04:35:30,2006-07-31 04:45:45,d20060731-043530,1.0,44.25416666666667
102,9.75,,,9,d,0.0,2006-08-03 21:42:00,2006-08-03 21:51:45,d20060803-214200,1.0,88.9375
102,4.0,,,9,d,0.0,2006-08-07 14:58:15,2006-08-07 15:02:15,d20060807-145815,1.0,89.10833333333333
102,26.0,4.256481119990348,50.093269276618955,1,d,1.0,2006-08-09 18:12:45,2006-08-09 18:38:45,d20060809-181245,,51.175
102,1.75,,,9,d,0.0,2006-08-10 11:36:30,2006-08-10 11:38:15,d20060810-113630,1.0,16.9625
102,16.25,0.08848112723790108,1.2748694755136967,1,d,1.0,2006-08-11 13:46:00,2006-08-11 14:02:15,d20060811-134600,,26.129166666666666
102,16.25,1.1965894266963004,,1,d,1.0,2006-08-15 13:50:45,2006-08-15 18:30:15,d20060815-135045,1.0,95.80833333333334
102,31.0,1.4972713217139244,12.223912447690964,1,d,1.0,2006-08-16 09:50:00,2006-08-16 10:21:00,d20060816-095000,,15.329166666666667
102,8.25,,,9,d,0.0,2006-08-17 14:17:00,2006-08-17 14:25:15,d20060817-141700,1.0,27.933333333333334
102,22.25,2.9228618428111073,31.88629558086395,1,d,1.0,2006-09-12 17:44:15,2006-09-12 18:06:30,d20060912-174415,,627.3166666666667
102,95.5,,,9,d,0.0,2007-01-22 12:15:30,2007-01-22 13:51:00,d20070122-121530,1.0,3162.15
102,28.75,,,2,d,0.0,2007-05-16 09:10:15,2007-05-16 09:39:00,d20070516-091015,1.0,2731.320833333333
102,11.5,0.0,,9,d,0.0,2007-07-05 23:34:15,2007-07-06 03:33:30,d20070705-233415,2.0,1213.9208333333333
102,3.75,,,9,d,0.0,2007-07-10 22:31:30,2007-07-10 22:35:15,d20070710-223130,1.0,114.96666666666667
102,130.75,3.3720049172639843,3.6760201692581176,2,d,1.0,2007-07-14 11:39:30,2007-07-14 13:50:15,d20070714-113930,,85.07083333333334
102,29.25,,,9,d,0.0,2007-07-15 12:23:00,2007-07-15 12:52:15,d20070715-122300,1.0,22.545833333333334
102,1.75,,,9,d,0.0,2007-07-15 19:58:00,2007-07-15 19:59:45,d20070715-195800,1.0,7.095833333333333
102,29.0,,,9,d,0.0,2007-07-18 17:30:45,2007-07-18 17:59:45,d20070718-173045,1.0,69.51666666666667
102,0.5,,,9,d,0.0,2007-07-19 02:20:15,2007-07-19 02:20:45,d20070719-022015,1.0,8.341666666666667
102,9.5,,,9,d,0.0,2007-07-19 18:37:45,2007-07-19 18:47:15,d20070719-183745,1.0,16.283333333333335
102,82.0,0.2945782788097858,1.5813770808279513,1,d,1.0,2007-07-20 19:10:00,2007-07-20 20:32:00,d20070720-191000,,24.379166666666666
102,8.75,4.535629612207413,52.94660468101501,9,d,0.0,2007-07-21 07:14:30,2007-07-21 11:18:45,d20070721-071430,2.0,10.708333333333334
102,32.75,2.5066967472434043,21.836186826229095,1,d,1.0,2007-07-23 13:20:30,2007-07-23 13:53:15,d20070723-132030,,50.02916666666667
102,20.0,,,9,d,0.0,2007-07-23 20:48:00,2007-07-23 21:08:00,d20070723-204800,1.0,6.9125
102,172.0,0.0,,5,d,0.0,2007-07-24 05:20:45,2007-07-24 13:40:15,d20070724-052045,2.0,8.2125
102,7.5,,,2,d,0.0,2007-07-25 09:37:45,2007-07-25 09:45:15,d20070725-093745,1.0,19.958333333333332
102,13.0,,,9,d,0.0,2007-07-27 16:25:45,2007-07-27 16:38:45,d20070727-162545,1.0,54.675
102,68.25,12.696113669872283,50.093269276618955,9,d,0.0,2007-07-31 15:34:30,2007-07-31 17:45:15,d20070731-153430,1.0,94.92916666666666
102,13.25,,,9,d,0.0,2007-08-01 16:47:00,2007-08-01 17:00:15,d20070801-164700,1.0,23.029166666666665
102,47.0,2.41416022926569,13.135058534145355,1,d,1.0,2007-08-03 13:27:30,2007-08-03 14:14:30,d20070803-132730,,44.454166666666666
102,32.5,3.2645275264978406,26.169720458984372,1,d,1.0,2007-08-04 11:15:45,2007-08-04 11:48:15,d20070804-111545,,21.020833333333332
102,0.5,,,9,d,0.0,2007-08-04 18:17:30,2007-08-04 18:18:00,d20070804-181730,1.0,6.4875
102,13.0,,,9,d,0.0,2007-08-06 07:13:45,2007-08-06 07:26:45,d20070806-071345,1.0,36.92916666666667
102,3.0,,,9,d,0.0,2007-08-14 20:08:15,2007-08-14 20:11:15,d20070814-200815,1.0,204.69166666666666
102,13.5,,,9,d,0.0,2007-09-06 18:26:45,2007-09-06 18:40:15,d20070906-182645,1.0,550.2583333333333
102,32.25,3.9578457176685333,45.92767143249512,1,d,1.0,2007-09-09 17:28:15,2007-09-09 18:00:30,d20070909-172815,,70.8
102,16.5,,,9,d,0.0,2007-12-01 01:10:30,2007-12-01 01:27:00,d20071201-011030,1.0,1975.1666666666667
102,41.25,,,9,d,0.0,2008-06-26 19:11:15,2008-06-26 19:52:30,d20080626-191115,1.0,5009.7375
102,43.75,0.20875756014138458,1.5813770808279513,1,d,1.0,2008-07-10 10:43:00,2008-07-10 11:26:45,d20080710-104300,,326.84166666666664
102,95.25,12.667363607883452,29.54139268398285,1,d,1.0,2008-07-19 21:28:00,2008-07-19 23:03:15,d20080719-212800,,226.02083333333334
102,93.75,7.223455345630645,40.611374688148494,1,d,1.0,2008-07-22 14:51:45,2008-07-22 16:25:30,d20080722-145145,,63.80833333333333
102,7.0,,,9,d,0.0,2008-07-23 19:46:00,2008-07-23 19:53:00,d20080723-194600,1.0,27.341666666666665
102,60.0,11.53818107843399,58.84984173774719,9,d,0.0,2008-07-25 14:37:00,2008-07-25 16:39:45,d20080725-143700,1.0,42.733333333333334
102,15.0,,,9,d,0.0,2008-08-02 20:10:15,2008-08-02 20:25:15,d20080802-201015,1.0,195.50833333333333
102,15.25,,,9,d,0.0,2008-08-31 14:31:00,2008-08-31 14:46:15,d20080831-143100,1.0,690.0958333333333
102,27.0,,,2,d,0.0,2009-06-01 13:02:45,2009-06-01 13:29:45,d20090601-130245,1.0,6574.275
102,26.5,,,9,d,0.0,2009-06-14 03:08:45,2009-06-14 03:35:15,d20090614-030845,1.0,301.65
102,93.0,6.3944884121418,26.169720458984372,1,d,1.0,2009-06-27 17:13:15,2009-06-27 18:46:15,d20090627-171315,,325.6333333333333
102,21.75,,,9,d,0.0,2009-07-05 14:19:30,2009-07-05 14:41:15,d20090705-141930,1.0,187.55416666666667
102,47.5,1.4374002449214458,11.346264195442199,1,d,1.0,2009-07-08 15:47:00,2009-07-08 16:34:30,d20090708-154700,,73.09583333333333
102,30.75,,,9,d,0.0,2009-07-09 15:59:00,2009-07-09 16:29:45,d20090709-155900,1.0,23.408333333333335
102,5.75,,,9,d,0.0,2009-07-10 16:37:15,2009-07-10 16:43:00,d20090710-163715,1.0,24.125
102,44.75,,,9,d,0.0,2009-07-16 19:51:00,2009-07-16 20:35:45,d20090716-195100,1.0,147.13333333333333
102,7.0,,,9,d,0.0,2009-08-12 23:40:30,2009-08-12 23:47:30,d20090812-234030,1.0,651.0791666666667
102,132.5,1.6370868548750876,,9,d,0.0,2009-08-13 08:09:30,2009-08-13 18:26:00,d20090813-080930,2.0,8.366666666666667
102,21.5,0.14292745012789965,1.5813770808279513,1,d,1.0,2009-08-23 14:26:45,2009-08-23 14:48:15,d20090823-142645,,236.0125
102,11.75,0.0,,9,d,0.0,2009-08-25 18:52:15,2009-08-25 21:48:45,d20090825-185215,2.0,52.06666666666667
102,8.25,,,9,d,0.0,2009-09-07 16:06:00,2009-09-07 16:14:15,d20090907-160600,1.0,306.2875
102,6.25,,,9,d,0.0,2009-09-13 21:07:15,2009-09-13 21:13:30,d20090913-210715,1.0,148.88333333333333
102,2.5,,,9,d,0.0,2009-10-20 12:38:45,2009-10-20 12:41:15,d20091020-123845,1.0,879.4208333333333
102,41.75,,,9,d,0.0,2010-01-20 02:51:30,2010-01-20 03:33:15,d20100120-025130,1.0,2198.170833333333
102,13.75,,,8,d,0.0,2010-02-20 14:37:00,2010-02-20 14:50:45,d20100220-143700,1.0,755.0625
102,23.5,,,2,d,0.0,2010-05-06 15:07:15,2010-05-06 15:30:45,d20100506-150715,1.0,1800.275
102,11.25,0.0,,2,d,0.0,2010-05-10 10:00:00,2010-05-10 15:24:30,d20100510-100000,3.0,90.4875
102,47.0,,,5,d,0.0,2010-05-11 10:27:45,2010-05-11 11:14:45,d20100511-102745,1.0,19.054166666666667
102,2.0,,,2,d,0.0,2010-06-24 15:06:00,2010-06-24 15:08:00,d20100624-150600,1.0,1059.8541666666667
102,2.25,,,9,d,0.0,2010-06-30 17:44:45,2010-06-30 17:47:00,d20100630-174445,1.0,146.6125
102,1.0,,,9,d,0.0,2010-07-02 14:13:15,2010-07-02 14:14:15,d20100702-141315,1.0,44.4375
102,20.5,,,9,d,0.0,2010-07-14 13:24:15,2010-07-14 13:44:45,d20100714-132415,1.0,287.1666666666667
102,2.25,,,9,d,0.0,2010-07-17 19:01:45,2010-07-17 19:04:00,d20100717-190145,1.0,77.28333333333333
102,15.25,,,9,d,0.0,2010-07-24 16:32:00,2010-07-24 16:47:15,d20100724-163200,1.0,165.46666666666667
102,55.0,3.7608559399843213,11.346264195442199,1,d,1.0,2010-07-25 13:07:15,2010-07-25 14:02:15,d20100725-130715,,20.333333333333332
102,48.75,17.092500782012937,83.44728050231933,1,d,1.0,2010-07-26 18:39:00,2010-07-26 19:27:45,d20100726-183900,,28.6125
102,29.0,10.467108798027038,69.84451341629028,1,d,1.0,2010-07-27 14:00:30,2010-07-27 14:29:30,d20100727-140030,,18.545833333333334
102,39.0,2.3256631404161454,14.0797607421875,1,d,1.0,2010-07-29 20:39:15,2010-07-29 21:18:15,d20100729-203915,,54.1625
102,20.75,0.7601567391306161,4.792210289835929,1,d,1.0,2010-07-30 18:23:30,2010-07-30 18:44:15,d20100730-182330,,21.0875
102,20.5,3.6824692517518995,43.235269761085505,1,d,1.0,2010-08-07 17:54:45,2010-08-07 18:15:15,d20100807-175445,,191.175
102,32.25,1.827292776107788,8.913693290948867,1,d,1.0,2010-08-28 14:20:45,2010-08-28 14:53:00,d20100828-142045,,500.09166666666664
102,13.25,0.15478785606101153,,9,d,0.0,2010-09-22 08:19:45,2010-09-22 16:26:45,d20100922-081945,2.0,593.4458333333333
102,9.0,,,2,d,0.0,2011-05-03 14:27:45,2011-05-03 14:36:45,d20110503-142745,1.0,5350.016666666666
102,2.5,,,2,d,0.0,2011-06-27 12:05:45,2011-06-27 12:08:15,d20110627-120545,1.0,1317.4833333333333
102,275.0,26.280057716369626,7.4583217024803155,1,d,1.0,2011-06-29 19:33:00,2011-06-30 00:08:00,d20110629-193300,,55.4125
102,34.5,,,9,d,0.0,2011-07-08 16:37:45,2011-07-08 17:12:15,d20110708-163745,1.0,208.49583333333334
102,6.5,,,9,d,0.0,2011-07-23 15:21:45,2011-07-23 15:28:15,d20110723-152145,1.0,358.15833333333336
102,7.5,,,9,d,0.0,2011-07-24 00:11:45,2011-07-24 00:19:15,d20110724-001145,1.0,8.725
102,13.5,0.1297085507772863,1.9235682025551795,1,d,1.0,2011-07-28 22:22:45,2011-07-28 22:36:15,d20110728-222245,,118.05833333333334
102,34.5,0.9662888832390308,3.178906390070915,1,d,1.0,2011-07-29 21:59:45,2011-07-29 22:34:15,d20110729-215945,,23.391666666666666
102,28.5,0.6827888499945401,3.6760201692581176,1,d,1.0,2011-08-13 23:05:45,2011-08-13 23:34:15,d20110813-230545,,360.525
102,20.5,0.28558312114328144,2.7215896457433697,1,d,1.0,2011-08-23 22:11:45,2011-08-23 22:32:15,d20110823-221145,,238.625
102,0.5,,,9,d,0.0,2011-08-31 18:07:45,2011-08-31 18:08:15,d20110831-180745,1.0,187.59166666666667
102,11.5,,,9,d,0.0,2011-09-05 04:58:45,2011-09-05 05:10:15,d20110905-045845,1.0,106.84166666666667
102,36.5,1.6990014910697937,15.058072817325591,1,d,1.0,2011-09-09 12:48:45,2011-09-09 13:25:15,d20110909-124845,,103.64166666666667
102,24.5,1.5705012798309326,14.0797607421875,1,d,1.0,2011-09-14 11:28:45,2011-09-14 11:53:15,d20110914-112845,,118.05833333333334
102,17.5,0.18145750323310494,2.303383734822273,1,d,1.0,2011-11-13 13:18:45,2011-11-13 13:36:15,d20111113-131845,,1441.425
102,10.5,,,9,d,0.0,2011-12-13 13:33:45,2011-12-13 13:44:15,d20111213-133345,1.0,719.9583333333334
102,67.5,,,2,d,0.0,2012-05-21 13:29:45,2012-05-21 14:37:15,d20120521-132945,1.0,3839.758333333333
102,52.5,4.385485100746155,18.792334949970243,1,d,1.0,2012-07-03 20:25:45,2012-07-03 21:18:15,d20120703-202545,,1037.8083333333334
102,24.5,2.031150434911251,16.878495252132414,1,d,1.0,2012-07-04 16:42:45,2012-07-04 17:07:15,d20120704-164245,,19.408333333333335
102,14.5,,,9,d,0.0,2012-07-07 21:46:45,2012-07-07 22:01:15,d20120707-214645,1.0,76.65833333333333
102,21.5,1.0725876577198505,9.691217446327208,1,d,1.0,2012-08-07 21:00:45,2012-08-07 21:22:15,d20120807-210045,,742.9916666666667
102,8.5,,,9,d,0.0,2012-08-15 23:14:45,2012-08-15 23:23:15,d20120815-231445,1.0,193.875
102,0.5,,,9,d,0.0,2012-08-24 15:35:45,2012-08-24 15:36:15,d20120824-153545,1.0,208.20833333333334
102,56.5,3.76142745912075,16.878495252132414,1,d,1.0,2012-09-03 18:13:45,2012-09-03 19:10:15,d20120903-181345,,242.625
102,14.5,,,9,d,0.0,2012-09-05 02:29:45,2012-09-05 02:44:15,d20120905-022945,1.0,31.325
102,33.5,5.119392883777618,30.70420627593994,1,d,1.0,2012-09-06 16:34:45,2012-09-06 17:08:15,d20120906-163445,,37.84166666666667
102,8.5,,,2,d,0.0,2013-05-07 09:57:45,2013-05-07 10:06:15,d20130507-095745,1.0,5824.825
102,44.5,1.3903954453766345,8.913695561885833,1,d,1.0,2013-07-07 15:31:45,2013-07-07 16:16:15,d20130707-153145,,1469.425
102,19.5,1.4889777652919292,15.058072817325591,1,d,1.0,2013-07-09 21:33:45,2013-07-09 21:53:15,d20130709-213345,,53.291666666666664
102,26.5,2.0322321578860283,12.223912447690964,1,d,1.0,2013-07-11 01:01:45,2013-07-11 01:28:15,d20130711-010145,,27.141666666666666
102,34.5,1.114074458926916,5.412501204013824,1,d,1.0,2013-07-19 12:45:45,2013-07-19 13:20:15,d20130719-124545,,203.29166666666666
102,10.5,0.08651489205658436,1.2748694755136967,1,d,1.0,2013-07-25 14:46:45,2013-07-25 14:57:15,d20130725-144645,,145.44166666666666
102,42.5,4.550874790549278,28.397988033294677,1,d,1.0,2013-08-02 12:49:45,2013-08-02 13:32:15,d20130802-124945,,189.875
102,28.5,0.7222888652235269,4.213580471277237,1,d,1.0,2013-08-12 16:12:45,2013-08-12 16:41:15,d20130812-161245,,242.675
102,15.5,1.9276593428105115,13.135057020187377,1,d,1.0,2013-08-29 11:48:45,2013-08-29 14:20:15,d20130829-114845,0.0,403.125
102,105.5,12.23966290950775,63.44701752662658,1,d,1.0,2013-09-12 18:57:45,2013-09-12 20:43:15,d20130912-185745,,340.625
102,9.5,,,2,d,0.0,2014-04-09 12:35:45,2014-04-09 12:45:15,d20140409-123545,1.0,5007.875
102,1.5,,,9,d,0.0,2014-07-03 15:09:45,2014-07-03 15:11:15,d20140703-150945,1.0,2042.4083333333333
102,13.5,0.0015452250350790563,0.006997245427919551,1,d,1.0,2014-07-11 20:08:45,2014-07-11 20:22:15,d20140711-200845,,196.95833333333334
102,22.5,0.6877148907631635,6.075024732947349,1,d,1.0,2014-07-12 20:30:45,2014-07-12 20:53:15,d20140712-203045,,24.141666666666666
102,16.5,0.06520723458379507,0.7698336273431777,1,d,1.0,2014-07-15 13:28:45,2014-07-15 13:45:15,d20140715-132845,,64.59166666666667
102,19.5,0.12204306218773125,1.5813770808279513,1,d,1.0,2014-07-25 16:39:45,2014-07-25 16:59:15,d20140725-163945,,242.90833333333333
102,51.5,4.500463396310806,13.135057020187377,1,d,1.0,2014-08-01 21:15:45,2014-08-01 22:07:15,d20140801-211545,,172.275
102,23.5,0.6370447043329477,7.4583217024803155,1,d,1.0,2014-08-12 20:20:45,2014-08-12 20:44:15,d20140812-202045,,262.225
102,19.5,0.05567461592145264,0.2660576287657022,1,d,1.0,2014-08-13 18:34:45,2014-08-13 18:54:15,d20140813-183445,,21.841666666666665
102,50.5,3.37712285220623,17.823803043365476,1,d,1.0,2014-08-15 16:29:45,2014-08-15 17:20:15,d20140815-162945,,45.59166666666667
102,112.5,1.279250207543373,3.6760201692581176,1,d,1.0,2014-08-16 19:01:45,2014-08-16 20:54:15,d20140816-190145,,25.691666666666666
102,28.5,0.9122296072542667,6.075024732947349,1,d,1.0,2014-08-17 18:55:45,2014-08-17 19:24:15,d20140817-185545,,22.025
102,168.5,17.286361587047576,35.54727609157562,6,d,0.0,2014-09-08 12:43:45,2014-09-09 03:35:15,d20140908-124345,1.0,521.325
102,17.5,0.008036565012298524,0.033528710668906565,1,d,1.0,2014-09-16 03:08:45,2014-09-16 03:26:15,d20140916-030845,,167.55833333333334
102,4.5,1.7263792615922284,12.223912447690964,1,d,1.0,2014-09-17 02:02:45,2014-09-17 04:01:15,d20140917-020245,0.0,22.608333333333334
102,19.5,0.3504448184743523,2.7215896457433697,1,d,1.0,2014-09-17 12:14:45,2014-09-17 12:34:15,d20140917-121445,,8.225
102,34.5,4.344422349706292,8.913695561885833,1,d,1.0,2014-09-17 19:33:45,2014-09-18 04:11:15,d20140917-193345,0.0,6.991666666666666
102,27.5,,,9,d,0.0,2014-10-08 16:07:45,2014-10-08 16:35:15,d20141008-160745,1.0,491.94166666666666
102,18.5,,,2,d,0.0,2015-04-21 15:54:45,2015-04-21 16:13:15,d20150421-155445,1.0,4679.325
102,7.5,,,9,d,0.0,2015-06-24 15:23:45,2015-06-24 15:31:15,d20150624-152345,1.0,1535.175
102,7.5,0.010693803732283413,0.1606596947647631,1,d,1.0,2015-07-24 19:52:45,2015-07-24 20:00:15,d20150724-195245,,724.3583333333333
102,25.5,1.1836811371147633,10.502051705121993,1,d,1.0,2015-07-30 17:11:45,2015-07-30 17:37:15,d20150730-171145,,141.19166666666666
102,25.5,0.22656884994357823,1.9235683917999267,1,d,1.0,2015-08-11 06:19:45,2015-08-11 06:45:15,d20150811-061945,,276.7083333333333
102,20.5,0.022516467166133224,0.1606596947647631,1,d,1.0,2015-09-04 12:54:45,2015-09-04 13:15:15,d20150904-125445,,582.1583333333333
102,14.5,0.006083759924513287,0.033528710668906565,1,d,1.0,2015-10-17 05:12:45,2015-10-17 05:27:15,d20151017-051245,,1023.9583333333334
102,19.5,0.21186583414673804,2.303383734822273,1,d,1.0,2015-10-21 04:53:45,2015-10-21 05:13:15,d20151021-045345,,95.44166666666666
102,32.5,,,2,d,0.0,2016-05-03 09:53:45,2016-05-03 10:26:15,d20160503-095345,1.0,4684.675
102,22.5,0.20483692940324544,2.303383734822273,1,d,1.0,2016-06-29 03:03:45,2016-06-29 03:26:15,d20160629-030345,,1360.625
102,28.5,0.5574228156358003,4.213580471277237,1,d,1.0,2016-06-30 17:31:45,2016-06-30 18:00:15,d20160630-173145,,38.09166666666667
102,60.5,4.710688951611519,18.7923379778862,1,d,1.0,2016-07-01 12:47:45,2016-07-01 13:48:15,d20160701-124745,,18.791666666666668
102,28.5,1.6038030564785002,15.058072817325591,1,d,1.0,2016-07-16 17:29:45,2016-07-16 17:58:15,d20160716-172945,,363.69166666666666
102,38.5,1.3641285583376883,6.780329686403274,1,d,1.0,2016-07-17 23:26:45,2016-07-18 00:05:15,d20160717-232645,,29.475
102,37.5,0.6890791561454535,2.7215896457433697,1,d,1.0,2016-08-02 11:02:45,2016-08-02 11:40:15,d20160802-110245,,370.9583333333333
102,24.5,1.0029215566813945,7.4583217024803155,1,d,1.0,2016-08-09 15:20:45,2016-08-09 15:45:15,d20160809-152045,,171.675
102,18.5,6.661592608713544,52.94660468101501,1,d,1.0,2016-09-12 15:01:45,2016-09-12 21:45:15,d20160912-150145,0.0,815.275
102,23.5,2.308070759475231,16.878495252132414,1,d,1.0,2016-09-29 15:59:45,2016-09-29 16:23:15,d20160929-155945,,402.2416666666667
102,19.5,0.4584067467600107,3.178906390070915,1,d,1.0,2016-10-02 19:15:45,2016-10-02 19:35:15,d20161002-191545,,74.875
102,8.5,,,2,d,0.0,2017-04-20 08:51:45,2017-04-20 09:00:15,d20170420-085145,1.0,4789.275
102,17.5,0.3268565962091088,3.178906390070915,1,d,1.0,2017-07-03 18:35:45,2017-07-03 18:53:15,d20170703-183545,,1785.5916666666667
102,16.5,0.004990426858421415,0.033528710668906565,1,d,1.0,2017-07-10 15:47:45,2017-07-10 16:04:15,d20170710-154745,,164.90833333333333
102,91.5,5.976424434781074,14.0797607421875,1,d,1.0,2017-07-13 17:13:45,2017-07-13 18:45:15,d20170713-171345,,73.15833333333333
102,9.5,0.022119523352012036,0.2660576287657022,1,d,1.0,2017-07-16 13:15:45,2017-07-16 13:25:15,d20170716-131545,,66.50833333333334
102,28.5,0.5602559514343738,3.178906390070915,1,d,1.0,2017-07-23 13:59:45,2017-07-23 14:28:15,d20170723-135945,,168.575
102,20.5,0.5003947153687477,3.6760201692581176,1,d,1.0,2017-07-27 19:08:45,2017-07-27 19:29:15,d20170727-190845,,100.675
102,62.5,30.66432862281799,66.60616335868835,1,d,1.0,2017-07-28 17:54:45,2017-07-28 18:57:15,d20170728-175445,,22.425
102,21.5,5.613191851973533,52.94660468101501,1,d,1.0,2017-07-30 14:55:45,2017-07-30 15:17:15,d20170730-145545,,43.975
102,26.5,2.587429502606392,15.956544804573058,1,d,1.0,2017-08-01 00:48:45,2017-08-01 01:15:15,d20170801-004845,,33.525
102,1.5,,,9,d,0.0,2017-08-01 12:49:45,2017-08-01 12:51:15,d20170801-124945,1.0,11.575
102,29.5,7.488064920902252,65.01140241622925,1,d,1.0,2017-08-10 16:34:45,2017-08-10 17:04:15,d20170810-163445,,219.725
102,159.5,18.43583115339279,29.54139268398285,1,d,1.0,2017-08-12 20:06:45,2017-08-12 22:46:15,d20170812-200645,,51.041666666666664
102,64.5,,,2,d,0.0,2018-05-03 09:00:45,2018-05-03 10:05:15,d20180503-090045,1.0,6322.241666666667
102,2.5,,,9,d,0.0,2018-06-16 17:44:45,2018-06-16 17:47:15,d20180616-174445,1.0,1063.6583333333333
102,1.5,,,9,d,0.0,2018-06-29 16:09:45,2018-06-29 16:11:15,d20180629-160945,1.0,310.375
102,6.5,,,9,d,0.0,2018-07-12 15:55:45,2018-07-12 16:02:15,d20180712-155545,1.0,311.7416666666667
102,11.5,,,9,d,0.0,2018-07-12 22:31:45,2018-07-12 22:43:15,d20180712-223145,1.0,6.491666666666666
102,34.5,0.5495094519108533,3.178906390070915,6,d,0.0,2018-07-15 07:57:45,2018-07-15 11:49:15,d20180715-075745,1.0,57.24166666666667
102,24.5,0.3094134110957384,2.7215896457433697,1,d,1.0,2018-07-20 16:28:45,2018-07-20 16:53:15,d20180720-162845,,124.65833333333333
102,1.5,,,9,d,0.0,2018-08-06 23:06:45,2018-08-06 23:08:15,d20180806-230645,1.0,414.225
102,3.5,,,9,d,0.0,2018-08-07 20:53:45,2018-08-07 20:57:15,d20180807-205345,1.0,21.758333333333333
102,3.5,,,9,d,0.0,2018-08-08 21:37:45,2018-08-08 21:41:15,d20180808-213745,1.0,24.675
102,18.5,,,9,d,0.0,2018-08-10 11:08:45,2018-08-10 11:27:15,d20180810-110845,1.0,37.458333333333336
102,14.5,,,9,d,0.0,2018-08-23 16:41:45,2018-08-23 16:56:15,d20180823-164145,1.0,317.2416666666667
102,1.5,,,9,d,0.0,2018-08-30 17:35:45,2018-08-30 17:37:15,d20180830-173545,1.0,168.65833333333333
102,32.5,1.0867534786462782,8.169419437646866,1,d,1.0,2018-09-02 22:11:45,2018-09-02 22:44:15,d20180902-221145,,76.575
102,85.5,6.1882222354412075,22.89651757478714,1,d,1.0,2018-09-19 18:06:45,2018-09-19 19:32:15,d20180919-180645,,403.375
102,164.5,,,9,d,0.0,2018-10-12 05:34:45,2018-10-12 08:19:15,d20181012-053445,1.0,538.0416666666666
102,35.5,4.214655002951622,38.05666749477386,1,d,1.0,2018-10-21 17:29:45,2018-10-21 18:05:15,d20181021-172945,,225.175
102,23.5,0.11310742199420928,1.2748694755136967,1,d,1.0,2018-10-22 18:24:45,2018-10-22 18:48:15,d20181022-182445,,24.325
102,25.5,3.1906933099031445,,1,d,1.0,2018-10-23 06:00:45,2018-10-23 17:26:15,d20181023-060045,2.0,11.208333333333334
102,4.5,,,9,d,0.0,2018-12-07 06:24:45,2018-12-07 06:29:15,d20181207-062445,1.0,1068.975
102,93.25,5.797991997003555,29.54139268398285,1,d,1.0,2018-12-07 13:32:45,2018-12-07 15:06:00,d20181207-133245,,7.058333333333334
102,186.5,,,18,d,0.0,2018-12-17 20:43:45,2018-12-17 23:50:15,d20181217-204345,1.0,245.62916666666666
102,157.5,,,18,d,0.0,2018-12-25 22:34:45,2018-12-26 01:12:15,d20181225-223445,1.0,190.74166666666667
102,2.5,,,9,d,0.0,2018-12-26 13:28:45,2018-12-26 13:31:15,d20181226-132845,1.0,12.275
102,11.5,,,2,d,0.0,2019-04-25 14:01:45,2019-04-25 14:13:15,d20190425-140145,1.0,2880.508333333333
102,18.5,,,9,d,0.0,2019-05-10 18:56:45,2019-05-10 19:15:15,d20190510-185645,1.0,364.725
102,12.5,0.0,,9,d,0.0,2019-05-12 04:58:45,2019-05-12 12:24:15,d20190512-045845,3.0,33.725
102,9.5,,,9,d,0.0,2019-06-29 15:40:45,2019-06-29 15:50:15,d20190629-154045,1.0,1155.275
102,71.5,,,9,d,0.0,2019-07-06 13:27:45,2019-07-06 14:39:15,d20190706-132745,1.0,165.625
102,31.5,,,9,d,0.0,2019-07-17 19:57:45,2019-07-17 20:29:15,d20190717-195745,1.0,269.30833333333334
102,7.5,,,9,d,0.0,2019-07-23 04:37:45,2019-07-23 04:45:15,d20190723-043745,1.0,128.14166666666668
102,81.5,0.0,,9,d,0.0,2019-07-29 15:44:45,2019-07-30 00:00:15,d20190729-154445,3.0,154.99166666666667
102,25.5,,,9,d,0.0,2019-07-30 16:59:45,2019-07-30 17:25:15,d20190730-165945,1.0,16.991666666666667
102,74.5,3.269234043359756,22.89651757478714,1,d,1.0,2019-08-03 16:02:45,2019-08-03 17:17:15,d20190803-160245,,94.625
102,8.5,,,2,d,0.0,2019-08-07 10:06:45,2019-08-07 10:15:15,d20190807-100645,1.0,88.825
102,90.5,,,9,d,0.0,2019-08-23 17:39:45,2019-08-23 19:10:15,d20190823-173945,1.0,391.40833333333336
102,4.5,,,9,d,0.0,2019-08-28 08:13:45,2019-08-28 08:18:15,d20190828-081345,1.0,109.05833333333334
102,43.5,,,9,d,0.0,2019-08-28 21:44:45,2019-08-28 22:28:15,d20190828-214445,1.0,13.441666666666666
102,16.5,,,9,d,0.0,2019-08-29 20:17:45,2019-08-29 20:34:15,d20190829-201745,1.0,21.825
102,26.5,,,9,d,0.0,2019-09-07 13:27:45,2019-09-07 13:54:15,d20190907-132745,1.0,208.89166666666668
102,13.5,,,2,d,0.0,2019-09-14 18:15:45,2019-09-14 18:29:15,d20190914-181545,1.0,172.35833333333332
102,17.5,,,9,d,0.0,2019-09-16 15:55:45,2019-09-16 16:13:15,d20190916-155545,1.0,45.44166666666667
102,7.5,10.817796725034713,,1,d,1.0,2019-09-24 01:11:45,2019-09-24 15:52:15,d20190924-011145,1.0,176.975
102,55.5,,,18,d,0.0,2019-09-25 06:38:45,2019-09-25 07:34:15,d20190925-063845,1.0,14.775
102,40.5,3.2402981430292126,,1,d,1.0,2019-11-19 13:52:45,2019-11-19 23:08:15,d20191119-135245,1.0,1326.3083333333334
102,42.5,0.22771747093647718,,1,d,1.0,2019-11-21 01:26:45,2019-11-21 09:52:15,d20191121-012645,1.0,26.308333333333334
102,99.5,6.174013739824295,,1,d,1.0,2019-11-27 12:36:45,2019-11-27 23:26:00,d20191127-123645,1.0,146.74166666666667
102,236.5,2.6165326952934262,6.780329686403274,1,d,1.0,2019-11-29 08:36:45,2019-11-29 12:33:15,d20191129-083645,,33.17916666666667
102,84.5,0.7126229058951139,2.7215896457433697,1,d,1.0,2019-12-08 23:37:45,2019-12-09 01:02:15,d20191208-233745,,227.075
102,22.5,0.0700415153056383,0.40176120474934574,1,d,1.0,2019-12-09 15:26:45,2019-12-09 15:49:15,d20191209-152645,,14.408333333333333
102,11.5,,,9,d,0.0,2019-12-27 10:24:45,2019-12-27 10:36:15,d20191227-102445,1.0,426.59166666666664
102,15.5,,,9,d,0.0,2020-01-10 03:32:45,2020-01-10 03:48:15,d20200110-033245,1.0,328.94166666666666
102,5.5,,,9,d,0.0,2020-02-10 16:34:45,2020-02-10 16:40:15,d20200210-163445,1.0,756.775
102,70.5,,,9,d,0.0,2020-03-18 17:01:45,2020-03-18 18:12:15,d20200318-170145,1.0,888.3583333333333
102,15.5,,,2,d,0.0,2020-03-26 12:35:45,2020-03-26 12:51:15,d20200326-123545,1.0,186.39166666666668
102,39.5,,,0,d,0.0,2020-06-15 13:55:45,2020-06-15 14:35:15,d20200615-135545,1.0,1945.075
102,10.5,,,0,d,0.0,2020-07-01 16:09:45,2020-07-01 16:20:15,d20200701-160945,1.0,385.575
102,9.5,,,0,d,0.0,2020-07-15 12:58:45,2020-07-15 13:08:15,d20200715-125845,1.0,332.64166666666665
102,39.5,,,0,d,0.0,2020-07-21 19:14:45,2020-07-21 19:54:15,d20200721-191445,1.0,150.10833333333332
102,18.5,,,0,d,0.0,2020-07-22 14:00:45,2020-07-22 14:19:15,d20200722-140045,1.0,18.108333333333334
102,51.5,0.0,,0,d,0.0,2020-07-23 07:15:45,2020-07-23 10:12:15,d20200723-071545,2.0,16.941666666666666
102,32.5,0.0,,0,d,0.0,2020-07-24 04:42:45,2020-07-24 08:40:15,d20200724-044245,2.0,18.508333333333333
